"well_plate","slope","n_pts","phos","population","well","rep"
"B02_1",0.936848621362954,5,0.5,"25","B02",1
"B02_10",1.47223285228624,7,4,"25","B02",1
"B02_11",1.64428431545004,7,4,"28","B02",1
"B02_12",1.65612274918278,5,4,"15","B02",1
"B02_13",1.51195726889694,6,6,"25","B02",1
"B02_14",1.92631451392884,6,6,"28","B02",1
"B02_15",1.64547156002282,5,6,"15","B02",1
"B02_16",1.39350826814625,7,8,"25","B02",1
"B02_17",1.34726907073142,6,8,"28","B02",1
"B02_18",1.54102574018856,5,8,"15","B02",1
"B02_19",1.58631512490016,5,10,"25","B02",1
"B02_2",0.982107644040949,5,0.5,"28","B02",1
"B02_20",1.53787052611764,5,10,"28","B02",1
"B02_21",1.66090693594177,5,10,"15","B02",1
"B02_22",1.57675018336667,4,20,"25","B02",1
"B02_23",1.41450489806207,7,20,"28","B02",1
"B02_24",1.40489608946657,6,20,"15","B02",1
"B02_25",1.68174731836114,6,35,"25","B02",1
"B02_26",1.5801083606015,7,35,"28","B02",1
"B02_27",1.46252523387523,6,35,"15","B02",1
"B02_28",1.52740066635007,4,50,"25","B02",1
"B02_29",1.75331801984251,6,50,"28","B02",1
"B02_3",0.0191048626858368,7,0.5,"15","B02",1
"B02_30",1.79605088521552,5,50,"15","B02",1
"B02_4",0.97059032870267,5,1,"25","B02",1
"B02_5",0.89791215788492,5,1,"28","B02",1
"B02_6",0.592476668336807,5,1,"15","B02",1
"B02_7",1.08872010672766,7,2,"25","B02",1
"B02_8",1.42799237321345,4,2,"28","B02",1
"B02_9",1.18965220292023,5,2,"15","B02",1
"B03_1",0.43206709659848,5,0.5,"19","B03",1
"B03_10",1.24826742812341,6,4,"19","B03",1
"B03_11",1.38691934736093,6,4,"4","B03",1
"B03_12",1.54885869282806,5,4,"3","B03",1
"B03_13",1.92654165687283,5,6,"19","B03",1
"B03_14",1.46918674636935,6,6,"4","B03",1
"B03_15",1.57770947323872,7,6,"3","B03",1
"B03_16",1.54393707670916,7,8,"19","B03",1
"B03_17",1.40124215396912,6,8,"4","B03",1
"B03_18",1.51922661944251,6,8,"3","B03",1
"B03_19",1.61833000971438,5,10,"19","B03",1
"B03_2",0.36980859172876,5,0.5,"4","B03",1
"B03_20",1.6454192898768,5,10,"4","B03",1
"B03_21",1.53730874219522,6,10,"3","B03",1
"B03_22",1.49646994136817,5,20,"19","B03",1
"B03_23",1.35521252251573,6,20,"4","B03",1
"B03_24",1.48299849793637,6,20,"3","B03",1
"B03_25",1.72492445184668,6,35,"19","B03",1
"B03_26",1.41195812225747,6,35,"4","B03",1
"B03_27",1.51944243653687,6,35,"3","B03",1
"B03_28",1.52621096306763,6,50,"19","B03",1
"B03_29",1.81570219258958,5,50,"4","B03",1
"B03_3",0.505499923730424,6,0.5,"3","B03",1
"B03_30",1.51612793838238,7,50,"3","B03",1
"B03_4",0.594146237184258,4,1,"19","B03",1
"B03_5",0.942483660700961,5,1,"4","B03",1
"B03_6",0.978022265380421,5,1,"3","B03",1
"B03_7",0.925870908252415,5,2,"19","B03",1
"B03_8",1.08071787207862,5,2,"4","B03",1
"B03_9",1.22911233171482,5,2,"3","B03",1
"B04_1",0.507733501825024,5,0.5,"14","B04",1
"B04_10",1.48367160181654,5,4,"14","B04",1
"B04_11",1.2700253521129,4,4,"31","B04",1
"B04_12",1.53257053322522,6,4,"cc1690","B04",1
"B04_13",1.46072497072417,6,6,"14","B04",1
"B04_14",1.57633883645774,5,6,"31","B04",1
"B04_15",1.26084471992162,7,6,"cc1690","B04",1
"B04_16",1.55435734425378,7,8,"14","B04",1
"B04_17",1.33899713592495,6,8,"31","B04",1
"B04_18",1.38403863584455,6,8,"cc1690","B04",1
"B04_19",1.84505289547355,5,10,"14","B04",1
"B04_2",0.258736306077801,5,0.5,"31","B04",1
"B04_20",1.48525732198734,5,10,"31","B04",1
"B04_21",1.32429082913719,6,10,"cc1690","B04",1
"B04_22",1.49390960682425,6,20,"14","B04",1
"B04_23",1.6000098825425,5,20,"31","B04",1
"B04_24",1.52855195658871,6,20,"cc1690","B04",1
"B04_25",1.56072109057955,6,35,"14","B04",1
"B04_26",1.52500898230112,6,35,"31","B04",1
"B04_27",1.63352874211284,5,35,"cc1690","B04",1
"B04_28",1.65095273573728,7,50,"14","B04",1
"B04_29",1.4924056096524,6,50,"31","B04",1
"B04_3",0.459219461683255,5,0.5,"cc1690","B04",1
"B04_30",1.47859627809942,5,50,"cc1690","B04",1
"B04_4",0.678625800238102,5,1,"14","B04",1
"B04_5",0.667398529823679,5,1,"31","B04",1
"B04_6",0.89442752170017,4,1,"cc1690","B04",1
"B04_7",1.16931703177584,5,2,"14","B04",1
"B04_8",0.911450331676559,5,2,"31","B04",1
"B04_9",1.13988168598527,7,2,"cc1690","B04",1
"B05_1",0.766145345878329,5,0.5,"8","B05",1
"B05_10",1.3386027043902,7,4,"8","B05",1
"B05_11",0.063792614707628,4,4,"22","B05",1
"B05_12",1.35732820883482,6,4,"16","B05",1
"B05_13",1.53147843151312,7,6,"8","B05",1
"B05_14",0.120282609070897,5,6,"22","B05",1
"B05_15",1.39987016955608,7,6,"16","B05",1
"B05_16",1.59000267395904,7,8,"8","B05",1
"B05_17",1.48484884295043,6,8,"22","B05",1
"B05_18",1.42350402799701,6,8,"16","B05",1
"B05_19",1.61658722348899,6,10,"8","B05",1
"B05_2",1.16085743180756,3,0.5,"22","B05",1
"B05_20",1.52375243835111,5,10,"22","B05",1
"B05_21",1.30591451681711,6,10,"16","B05",1
"B05_22",1.56053375333918,6,20,"8","B05",1
"B05_23",1.69540083663994,5,20,"anc2","B05",1
"B05_24",1.49621394413881,6,20,"16","B05",1
"B05_25",1.72309311927528,7,35,"8","B05",1
"B05_26",1.6802563339991,5,35,"22","B05",1
"B05_27",1.60269630505601,5,35,"16","B05",1
"B05_28",1.82585377965946,7,50,"8","B05",1
"B05_29",1.49999199205138,5,50,"22","B05",1
"B05_3",0.302533821201904,5,0.5,"16","B05",1
"B05_30",1.53336290513878,5,50,"16","B05",1
"B05_4",1.01191563949314,6,1,"8","B05",1
"B05_5",-0.0713388952169018,3,1,"22","B05",1
"B05_6",0.553569754464058,5,1,"16","B05",1
"B05_7",1.2023727083604,7,2,"8","B05",1
"B05_8",0.79513648984235,5,2,"22","B05",1
"B05_9",1.00054416107602,6,2,"16","B05",1
"B06_1",0.506463230361483,5,0.5,"23","B06",1
"B06_10",1.41918368455122,5,4,"23","B06",1
"B06_11",1.33682056186039,6,4,"anc2","B06",2
"B06_12",1.24521138916919,6,4,"20","B06",1
"B06_13",1.34444821677932,5,6,"23","B06",1
"B06_14",1.44478742890596,7,6,"anc2","B06",2
"B06_15",1.47645061865187,5,6,"20","B06",1
"B06_16",1.57140502429202,7,8,"23","B06",1
"B06_17",1.41933935633619,6,8,"anc2","B06",2
"B06_18",1.35202670855459,5,8,"20","B06",1
"B06_19",1.50959294061328,6,10,"23","B06",1
"B06_2",0.520155770172785,5,0.5,"anc2","B06",2
"B06_20",1.46078592399419,6,10,"anc2","B06",2
"B06_21",1.35727867843794,5,10,"20","B06",1
"B06_22",1.52124634880734,7,20,"23","B06",1
"B06_23",1.51730364942163,6,20,"22","B06",2
"B06_24",1.46228984944905,6,20,"20","B06",1
"B06_25",1.47044285854692,6,35,"23","B06",1
"B06_26",1.73956880351453,5,35,"anc2","B06",2
"B06_27",1.57192904247016,6,35,"20","B06",1
"B06_28",1.64147840025695,5,50,"23","B06",1
"B06_29",1.67170871308586,5,50,"anc2","B06",2
"B06_3",0.210303586004307,6,0.5,"20","B06",1
"B06_30",1.65635495753574,5,50,"20","B06",1
"B06_4",0.519651523886086,3,1,"23","B06",1
"B06_5",0.819142800016514,6,1,"anc2","B06",2
"B06_6",0.171057455561648,5,1,"20","B06",1
"B06_7",0.796438463601755,5,2,"23","B06",1
"B06_8",1.49409194926899,5,2,"anc2","B06",2
"B06_9",0.957149578206986,5,2,"20","B06",1
"B07_1",0.594742162851267,5,0.5,"11","B07",1
"B07_10",1.28633212085139,6,4,"11","B07",1
"B07_11",1.43403454707897,4,4,"27","B07",1
"B07_12",1.24565868956253,6,4,"anc3","B07",1
"B07_13",1.41989492190674,6,6,"11","B07",1
"B07_14",1.45080791083055,5,6,"27","B07",1
"B07_15",1.30384794966695,7,6,"anc3","B07",1
"B07_16",1.4141136481668,7,8,"11","B07",1
"B07_17",1.44398592538374,7,8,"27","B07",1
"B07_18",1.39833352944944,6,8,"anc3","B07",1
"B07_19",1.70551405786322,5,10,"11","B07",1
"B07_2",0.271071500717551,4,0.5,"27","B07",1
"B07_20",1.58348876163073,7,10,"27","B07",1
"B07_21",1.29238575258874,5,10,"anc3","B07",1
"B07_22",1.59769176793977,5,20,"11","B07",1
"B07_23",1.50475338388001,7,20,"27","B07",1
"B07_24",1.42816996778796,6,20,"anc3","B07",1
"B07_25",1.47189475990524,6,35,"11","B07",1
"B07_26",1.67711835559793,5,35,"27","B07",1
"B07_27",1.37060151413687,5,35,"anc3","B07",1
"B07_28",1.59182041938736,6,50,"11","B07",1
"B07_29",1.5971525220672,5,50,"27","B07",1
"B07_3",0.496277107991521,5,0.5,"anc3","B07",1
"B07_30",1.37338694670273,5,50,"anc3","B07",1
"B07_4",1.02821320429654,5,1,"11","B07",1
"B07_5",0.716840472963042,5,1,"27","B07",1
"B07_6",0.783278098056395,5,1,"anc3","B07",1
"B07_7",0.966226022530701,7,2,"11","B07",1
"B07_8",1.32661384202877,5,2,"27","B07",1
"B07_9",1.04354086247317,7,2,"anc3","B07",1
"B08_1",0.634848844057998,6,0.5,"anc5","B08",1
"B08_10",1.34999697128257,7,4,"anc5","B08",1
"B08_11",1.55746202610099,6,4,"17","B08",1
"B08_12",1.27403700810732,5,4,"7","B08",1
"B08_13",1.49448386696459,7,6,"anc5","B08",1
"B08_14",1.64800467333202,5,6,"17","B08",1
"B08_15",1.53300621857099,5,6,"7","B08",1
"B08_16",1.59094322031268,5,8,"anc5","B08",1
"B08_17",1.46129529370405,6,8,"17","B08",1
"B08_18",1.47005592213737,7,8,"7","B08",1
"B08_19",1.67190961485488,5,10,"anc5","B08",1
"B08_2",0.814251853026881,4,0.5,"17","B08",1
"B08_20",1.55098604604873,6,10,"17","B08",1
"B08_21",1.435359415367,6,10,"7","B08",1
"B08_22",1.55903092500354,5,20,"anc5","B08",1
"B08_23",1.57594676616259,6,20,"17","B08",1
"B08_24",1.4752929475434,6,20,"7","B08",1
"B08_25",1.59487228975192,5,35,"anc5","B08",1
"B08_26",1.60786547658389,6,35,"17","B08",1
"B08_27",1.4545098685816,6,35,"7","B08",1
"B08_28",1.67974237913637,5,50,"anc5","B08",1
"B08_29",1.51650458056673,6,50,"17","B08",1
"B08_3",0.465189752396736,5,0.5,"7","B08",1
"B08_30",1.62145657780705,6,50,"7","B08",1
"B08_4",0.968189849245131,5,1,"anc5","B08",1
"B08_5",1.22983503823933,5,1,"17","B08",1
"B08_6",0.629872088326646,4,1,"7","B08",1
"B08_7",1.34743298657127,7,2,"anc5","B08",1
"B08_8",1.27892916956706,5,2,"17","B08",1
"B08_9",0.981435006917155,4,2,"7","B08",1
"B09_1",0.587842352244004,5,0.5,"1","B09",1
"B09_10",1.38259817454152,5,4,"1","B09",1
"B09_11",1.25087653720376,4,4,"26","B09",1
"B09_12",1.19585020569737,6,4,"5","B09",1
"B09_13",1.34832673789554,5,6,"1","B09",1
"B09_14",2.16063280319232,3,6,"26","B09",1
"B09_15",1.43692775835977,6,6,"5","B09",1
"B09_16",1.59921325716774,7,8,"1","B09",1
"B09_17",1.50519034187576,5,8,"26","B09",1
"B09_18",1.47221338280823,6,8,"5","B09",1
"B09_19",1.55469824717907,6,10,"1","B09",1
"B09_2",0.409059201724347,4,0.5,"26","B09",1
"B09_20",1.41574065368946,5,10,"26","B09",1
"B09_21",1.40947263020157,5,10,"5","B09",1
"B09_22",1.46564706110685,6,20,"1","B09",1
"B09_23",1.52732041613423,5,20,"26","B09",1
"B09_24",1.4784251459021,6,20,"5","B09",1
"B09_25",1.52702292206611,7,35,"1","B09",1
"B09_26",1.49920646191449,6,35,"26","B09",1
"B09_27",1.55935888919272,6,35,"5","B09",1
"B09_28",1.51510190756605,6,50,"1","B09",1
"B09_29",1.39764343914764,6,50,"26","B09",1
"B09_3",0.450900662504758,5,0.5,"5","B09",1
"B09_30",1.52802686744134,5,50,"5","B09",1
"B09_4",0.674338290339885,5,1,"1","B09",1
"B09_5",0.594354400011492,5,1,"26","B09",1
"B09_6",0.656766844684413,6,1,"5","B09",1
"B09_7",1.2475764134174,5,2,"1","B09",1
"B09_8",0.832104880618915,5,2,"26","B09",1
"B09_9",0.949030931346205,6,2,"5","B09",1
"B10_11",1.25259346478529,6,4,"2","B10",1
"B10_12",1.58578995465857,7,4,"29","B10",1
"B10_14",1.52834646930307,5,6,"2","B10",1
"B10_15",1.53903741839243,7,6,"29","B10",1
"B10_17",1.4490060404538,6,8,"2","B10",1
"B10_18",1.40013752157398,6,8,"29","B10",1
"B10_2",0.401836741616184,5,0.5,"2","B10",1
"B10_20",1.47335234873653,6,10,"2","B10",1
"B10_21",1.57071666758627,6,10,"29","B10",1
"B10_23",1.44691552010865,6,20,"2","B10",1
"B10_24",1.42937808037979,7,20,"29","B10",1
"B10_26",1.50810852568552,6,35,"2","B10",1
"B10_27",1.44993280984133,6,35,"29","B10",1
"B10_29",1.54085000409549,5,50,"2","B10",1
"B10_3",0.487404898899004,6,0.5,"29","B10",1
"B10_30",1.49980007804691,6,50,"29","B10",1
"B10_5",0.870246681263687,5,1,"2","B10",1
"B10_6",0.955125354805719,4,1,"29","B10",1
"B10_8",1.12145188813709,5,2,"2","B10",1
"B10_9",1.39659836579525,4,2,"29","B10",1
"B11_1",0.400926568838924,4,0.5,"24","B11",1
"B11_10",1.33160609290198,6,4,"24","B11",1
"B11_11",1.23704735761271,6,4,"18","B11",1
"B11_12",1.30473237617922,6,4,"anc4","B11",1
"B11_13",1.55231594627766,5,6,"24","B11",1
"B11_14",1.45602988295466,5,6,"18","B11",1
"B11_15",1.3493338752904,7,6,"anc4","B11",1
"B11_16",1.60870892946705,6,8,"24","B11",1
"B11_17",1.47422763786331,5,8,"18","B11",1
"B11_18",1.52232869465052,5,8,"anc4","B11",1
"B11_19",1.53446071872754,7,10,"24","B11",1
"B11_2",0.382642239683424,5,0.5,"18","B11",1
"B11_20",1.43570060579854,5,10,"18","B11",1
"B11_21",1.43785362829848,5,10,"anc4","B11",1
"B11_22",1.66978915319297,6,20,"24","B11",1
"B11_23",1.50977615738975,5,20,"18","B11",1
"B11_24",1.3060038173382,6,20,"anc4","B11",1
"B11_25",1.6072004769498,7,35,"24","B11",1
"B11_26",1.54603749842956,6,35,"18","B11",1
"B11_27",1.34672762028441,6,35,"anc4","B11",1
"B11_28",1.6800561511662,6,50,"24","B11",1
"B11_29",1.4540672447924,7,50,"18","B11",1
"B11_3",0.567824495814611,5,0.5,"anc4","B11",1
"B11_30",1.55223209212405,5,50,"anc4","B11",1
"B11_4",0.833670766284072,5,1,"24","B11",1
"B11_5",0.779391362509621,5,1,"18","B11",1
"B11_6",0.715720233181144,5,1,"anc4","B11",1
"B11_7",1.07853469383029,6,2,"24","B11",1
"B11_8",1.02023027148764,5,2,"18","B11",1
"B11_9",0.999341484882216,5,2,"anc4","B11",1
"C02_1",0.634921066679499,5,0.5,"6","C02",1
"C02_10",1.3495254103227,6,4,"6","C02",1
"C02_11",1.49235304861764,7,4,"21","C02",1
"C02_12",1.3990594024915,6,4,"10","C02",1
"C02_13",1.51489426475677,6,6,"6","C02",1
"C02_14",1.54230450392882,6,6,"21","C02",1
"C02_15",1.49095866967145,5,6,"10","C02",1
"C02_16",1.58115579596166,7,8,"6","C02",1
"C02_17",1.66127968637144,7,8,"21","C02",1
"C02_18",1.51004788006685,5,8,"10","C02",1
"C02_19",1.60476588570876,6,10,"6","C02",1
"C02_2",0.83941691429603,5,0.5,"21","C02",1
"C02_20",1.64136508887504,7,10,"21","C02",1
"C02_21",1.39349710761716,5,10,"10","C02",1
"C02_22",1.68862120165736,6,20,"6","C02",1
"C02_23",1.55789902509916,7,20,"21","C02",1
"C02_24",1.47053135835506,6,20,"10","C02",1
"C02_25",1.73275755945742,6,35,"6","C02",1
"C02_26",1.65679166115726,7,35,"21","C02",1
"C02_27",1.51379083867647,5,35,"10","C02",1
"C02_28",1.64292616575486,6,50,"6","C02",1
"C02_29",1.7321696885772,7,50,"21","C02",1
"C02_3",0.156606474690229,5,0.5,"10","C02",1
"C02_30",1.37620651103362,7,50,"10","C02",1
"C02_4",0.829056862628256,5,1,"6","C02",1
"C02_5",1.2069764647031,5,1,"21","C02",1
"C02_6",0.825129394668771,5,1,"10","C02",1
"C02_7",1.10282441133724,5,2,"6","C02",1
"C02_8",1.13918138360877,7,2,"21","C02",1
"C02_9",1.0022032506842,6,2,"10","C02",1
"C03_1",0.272887827653778,5,0.5,"33","C03",1
"C03_10",1.20088793345764,5,4,"33","C03",1
"C03_11",1.32744805231682,5,4,"9","C03",1
"C03_12",1.52703353486289,6,4,"30","C03",1
"C03_13",1.37568254447105,5,6,"33","C03",1
"C03_14",1.5569469763198,5,6,"9","C03",1
"C03_15",1.60252048553003,5,6,"30","C03",1
"C03_16",1.40849480004799,5,8,"33","C03",1
"C03_17",1.41806845038346,7,8,"9","C03",1
"C03_18",1.55473637015743,6,8,"30","C03",1
"C03_19",1.53497947184183,5,10,"33","C03",1
"C03_2",0.0475560914471839,4,0.5,"9","C03",1
"C03_20",1.58254012074039,5,10,"9","C03",1
"C03_21",1.48386539656754,5,10,"30","C03",1
"C03_22",1.58601216209854,5,20,"33","C03",1
"C03_23",1.56606127735024,5,20,"9","C03",1
"C03_24",1.47588227679166,6,20,"30","C03",1
"C03_25",1.80623615425393,5,35,"33","C03",1
"C03_26",1.61244905949135,5,35,"9","C03",1
"C03_27",1.53358166431303,6,35,"30","C03",1
"C03_28",1.65488761713773,5,50,"33","C03",1
"C03_29",1.44230335749135,5,50,"9","C03",1
"C03_3",0.141399690386356,5,0.5,"30","C03",1
"C03_30",1.7943146574092,4,50,"30","C03",1
"C03_4",0.426175060771346,4,1,"33","C03",1
"C03_5",0.52303662510987,5,1,"9","C03",1
"C03_6",0.625571401583967,5,1,"30","C03",1
"C03_7",1.0747191678463,5,2,"33","C03",1
"C03_8",0.921488973538446,5,2,"9","C03",1
"C03_9",1.02240050804231,6,2,"30","C03",1
"C04_1",0.137031917739178,5,0.5,"32","C04",1
"C04_10",1.40566572776161,5,4,"32","C04",1
"C04_11",1.5024713199133,7,4,"35","C04",1
"C04_12",1.32451142478492,6,4,"5","C04",2
"C04_13",1.61219684449773,5,6,"32","C04",1
"C04_14",1.54081342386207,6,6,"35","C04",1
"C04_15",1.39921575611921,7,6,"5","C04",2
"C04_16",1.48727865671352,6,8,"32","C04",1
"C04_17",1.42789670034632,6,8,"35","C04",1
"C04_18",1.51406919087442,6,8,"5","C04",2
"C04_19",1.49892983325165,5,10,"32","C04",1
"C04_2",0.545623366827388,5,0.5,"35","C04",1
"C04_20",1.35900952327853,6,10,"35","C04",1
"C04_21",1.35891088231117,5,10,"5","C04",2
"C04_22",1.69972133700706,5,20,"32","C04",1
"C04_23",1.50510362391565,6,20,"35","C04",1
"C04_24",1.65536076583748,5,20,"5","C04",2
"C04_25",1.55340365506582,5,35,"32","C04",1
"C04_26",1.48712043618533,5,35,"35","C04",1
"C04_27",1.54242190444176,5,35,"5","C04",2
"C04_28",1.76398795992821,5,50,"32","C04",1
"C04_29",1.37697008627023,6,50,"35","C04",1
"C04_3",0.240731788524676,5,0.5,"5","C04",2
"C04_30",1.57141475624083,5,50,"5","C04",2
"C04_4",0.362984071134884,5,1,"32","C04",1
"C04_5",1.37438158225011,5,1,"35","C04",1
"C04_6",0.781406368969702,5,1,"5","C04",2
"C04_7",1.34126796295347,5,2,"32","C04",1
"C04_8",1.34722941325417,5,2,"35","C04",1
"C04_9",1.21704793640463,6,2,"5","C04",2
"C05_1",0.663010903057289,6,0.5,"25","C05",2
"C05_10",1.29351729421024,7,4,"25","C05",2
"C05_11",1.4233374843463,7,4,"28","C05",2
"C05_12",1.41415035458917,5,4,"cc1690","C05",2
"C05_13",1.42172982860946,6,6,"25","C05",2
"C05_14",1.63612161598646,7,6,"28","C05",2
"C05_15",1.43645443449035,6,6,"cc1690","C05",2
"C05_16",1.55350831954056,5,8,"25","C05",2
"C05_17",1.53821836041471,7,8,"28","C05",2
"C05_18",1.46012312728859,5,8,"cc1690","C05",2
"C05_19",1.69682300549602,5,10,"25","C05",2
"C05_2",0.817787371945248,4,0.5,"28","C05",2
"C05_20",1.45605207612164,7,10,"28","C05",2
"C05_21",1.38750328161325,5,10,"cc1690","C05",2
"C05_22",1.65565014553985,4,20,"25","C05",2
"C05_23",1.55010869454738,7,20,"28","C05",2
"C05_24",1.49689897113102,5,20,"cc1690","C05",2
"C05_25",1.67845927987411,6,35,"25","C05",2
"C05_26",1.50688438129369,7,35,"28","C05",2
"C05_27",1.66798429974207,5,35,"cc1690","C05",2
"C05_28",1.56362737209747,5,50,"25","C05",2
"C05_29",1.47684989218614,7,50,"28","C05",2
"C05_3",0.413380167818392,5,0.5,"cc1690","C05",2
"C05_30",1.75934825659415,5,50,"cc1690","C05",2
"C05_4",1.09370033957978,5,1,"25","C05",2
"C05_5",0.888846624116301,5,1,"28","C05",2
"C05_6",0.628420195587606,5,1,"cc1690","C05",2
"C05_7",1.3835194736995,6,2,"25","C05",2
"C05_8",1.21462844130107,5,2,"28","C05",2
"C05_9",1.12646572765755,7,2,"cc1690","C05",2
"C06_1",0.0984863508335983,6,0.5,"1","C06",2
"C06_10",1.34769849561278,5,4,"1","C06",2
"C06_11",1.18093780329249,5,4,"26","C06",2
"C06_12",1.1724201650629,7,4,"anc3","C06",2
"C06_13",1.41141928051529,5,6,"1","C06",2
"C06_14",1.23031519914852,7,6,"26","C06",2
"C06_15",1.24075397279156,7,6,"anc3","C06",2
"C06_16",1.48778021923816,6,8,"1","C06",2
"C06_17",1.34643265177461,5,8,"26","C06",2
"C06_18",1.35473417773182,6,8,"anc3","C06",2
"C06_19",1.45345307214306,6,10,"1","C06",2
"C06_2",0.379458977470872,5,0.5,"26","C06",2
"C06_20",1.45166978770952,5,10,"26","C06",2
"C06_21",1.31202795482747,6,10,"anc3","C06",2
"C06_22",1.41101635669391,7,20,"1","C06",2
"C06_23",1.46395675471399,5,20,"26","C06",2
"C06_24",1.57175865545655,5,20,"anc3","C06",2
"C06_25",1.59691428051776,6,35,"1","C06",2
"C06_26",1.6312748897904,5,35,"26","C06",2
"C06_27",1.39585778903938,5,35,"anc3","C06",2
"C06_28",1.49932113920624,6,50,"1","C06",2
"C06_29",1.55782592030688,5,50,"26","C06",2
"C06_3",0.607971435846875,5,0.5,"anc3","C06",2
"C06_30",1.49927350389226,5,50,"anc3","C06",2
"C06_4",0.710882444432174,5,1,"1","C06",2
"C06_5",0.59059778114048,5,1,"26","C06",2
"C06_6",0.700307369129843,5,1,"anc3","C06",2
"C06_7",0.919737763146008,5,2,"1","C06",2
"C06_8",1.15502159908076,5,2,"26","C06",2
"C06_9",1.08608655092608,7,2,"anc3","C06",2
"C07_1",0.629162775341319,5,0.5,"11","C07",2
"C07_10",1.69431152352648,5,4,"11","C07",2
"C07_11",1.31473586708568,5,4,"27","C07",2
"C07_12",1.3099459507848,6,4,"7","C07",2
"C07_13",1.77845115559189,5,6,"11","C07",2
"C07_14",1.26123376159946,5,6,"27","C07",2
"C07_15",1.47478484413609,5,6,"7","C07",2
"C07_16",1.80035517908986,5,8,"11","C07",2
"C07_17",2.01712879241667,5,8,"27","C07",2
"C07_18",1.38083082011841,7,8,"7","C07",2
"C07_19",1.51719844342998,5,10,"11","C07",2
"C07_2",0.318255990061157,5,0.5,"27","C07",2
"C07_20",1.53252684730719,7,10,"27","C07",2
"C07_21",1.42381389958383,6,10,"7","C07",2
"C07_22",1.67981913492945,5,20,"11","C07",2
"C07_23",1.39206701230101,5,20,"27","C07",2
"C07_24",1.46277844001327,7,20,"7","C07",2
"C07_25",1.60395990561283,6,35,"11","C07",2
"C07_26",1.46677513730333,5,35,"27","C07",2
"C07_27",1.35991926790872,6,35,"7","C07",2
"C07_28",1.41417880823763,5,50,"11","C07",2
"C07_29",1.52201511903864,5,50,"27","C07",2
"C07_3",0.41913103794979,5,0.5,"7","C07",2
"C07_30",1.4781318355448,6,50,"7","C07",2
"C07_4",0.952133240165945,5,1,"11","C07",2
"C07_5",0.651463820148921,3,1,"27","C07",2
"C07_6",0.88273413288775,4,1,"7","C07",2
"C07_7",1.08101270267314,7,2,"11","C07",2
"C07_8",1.08781302141173,5,2,"27","C07",2
"C07_9",1.04099885389486,4,2,"7","C07",2
"C08_11",1.46474632961974,5,4,"2","C08",2
"C08_12",1.27792548678257,6,4,"16","C08",2
"C08_14",1.65485329071168,5,6,"2","C08",2
"C08_15",1.38536905230408,6,6,"16","C08",2
"C08_17",1.36776532114544,5,8,"2","C08",2
"C08_18",1.39001328078149,5,8,"16","C08",2
"C08_2",0.357009395704767,5,0.5,"2","C08",2
"C08_20",1.41080240691412,6,10,"2","C08",2
"C08_21",1.57133703159686,5,10,"16","C08",2
"C08_23",1.5771878020302,5,20,"2","C08",2
"C08_24",1.47098024678336,6,20,"16","C08",2
"C08_26",1.56054433562396,6,35,"2","C08",2
"C08_27",1.48550611392313,5,35,"16","C08",2
"C08_29",1.44623518958645,7,50,"2","C08",2
"C08_3",0.334358044938882,7,0.5,"16","C08",2
"C08_30",1.43767719466422,5,50,"16","C08",2
"C08_5",0.750953352297309,5,1,"2","C08",2
"C08_6",0.545676199977266,5,1,"16","C08",2
"C08_8",1.09049201046298,5,2,"2","C08",2
"C08_9",0.935721322700081,7,2,"16","C08",2
"C09_1",0.584570083479046,5,0.5,"6","C09",2
"C09_10",1.52187446384342,5,4,"6","C09",2
"C09_11",1.39238782528997,7,4,"21","C09",2
"C09_12",1.2438503794956,6,4,"30","C09",2
"C09_13",1.53843370734225,6,6,"6","C09",2
"C09_14",1.56639835919524,6,6,"21","C09",2
"C09_15",1.76693917729955,5,6,"30","C09",2
"C09_16",1.60347277466096,6,8,"6","C09",2
"C09_17",1.66519313843553,7,8,"21","C09",2
"C09_18",1.48904950982652,6,8,"30","C09",2
"C09_19",1.56216144138642,6,10,"6","C09",2
"C09_2",0.746056988571377,5,0.5,"21","C09",2
"C09_20",1.6692814398249,7,10,"21","C09",2
"C09_21",1.41066265975889,5,10,"30","C09",2
"C09_22",1.61266217898812,7,20,"6","C09",2
"C09_23",1.69060037990847,7,20,"21","C09",2
"C09_24",1.42467269695046,5,20,"30","C09",2
"C09_25",1.61292565548143,7,35,"6","C09",2
"C09_26",1.74006811059341,7,35,"21","C09",2
"C09_27",1.45847569179846,7,35,"30","C09",2
"C09_28",1.46810850511109,7,50,"6","C09",2
"C09_29",1.62567448952582,7,50,"21","C09",2
"C09_3",0.16398264499025,6,0.5,"30","C09",2
"C09_30",1.52235106828309,4,50,"30","C09",2
"C09_4",0.795231228930912,6,1,"6","C09",2
"C09_5",0.906297081547342,5,1,"21","C09",2
"C09_6",0.441234847841529,5,1,"30","C09",2
"C09_7",1.0831804795631,5,2,"6","C09",2
"C09_8",1.18064008825676,6,2,"21","C09",2
"C09_9",0.984872970193367,5,2,"30","C09",2
"C10_1",0.390767872484841,5,0.5,"23","C10",2
"C10_10",1.33200145487532,5,4,"23","C10",2
"C10_11",1.2339763154386,7,4,"anc2","C10",3
"C10_12",1.4387324106067,5,4,"3","C10",2
"C10_13",1.34319319761764,5,6,"23","C10",2
"C10_14",1.45311950133329,7,6,"anc2","C10",3
"C10_15",1.54340178477865,5,6,"3","C10",2
"C10_16",1.66768832440633,6,8,"23","C10",2
"C10_17",1.46489822256025,6,8,"anc2","C10",3
"C10_18",1.48497296578259,6,8,"3","C10",2
"C10_19",1.73664135674171,5,10,"23","C10",2
"C10_2",0.390870050738061,5,0.5,"anc2","C10",3
"C10_20",1.44203373045267,6,10,"anc2","C10",3
"C10_21",1.5263990565917,6,10,"3","C10",2
"C10_22",1.60058405008959,5,20,"23","C10",2
"C10_23",1.49030014178621,5,20,"22","C10",3
"C10_24",1.45280713022079,7,20,"3","C10",2
"C10_25",1.75153361653186,6,35,"23","C10",2
"C10_26",1.53668227622693,6,35,"anc2","C10",3
"C10_27",1.47041602126417,6,35,"3","C10",2
"C10_28",1.70795163190821,5,50,"23","C10",2
"C10_29",1.56225647925407,5,50,"anc2","C10",3
"C10_3",0.551697681048701,5,0.5,"3","C10",2
"C10_30",1.89744300396586,7,50,"3","C10",2
"C10_4",0.419340469301745,6,1,"23","C10",2
"C10_5",0.744089976138222,7,1,"anc2","C10",3
"C10_6",0.769568175513118,5,1,"3","C10",2
"C10_7",0.965463485025421,5,2,"23","C10",2
"C10_8",1.07913874457644,5,2,"anc2","C10",3
"C10_9",1.11088351945985,5,2,"3","C10",2
"C11_1",0.916155215299578,5,0.5,"anc5","C11",2
"C11_10",1.42625151416376,7,4,"anc5","C11",2
"C11_11",1.57523768794733,6,4,"17","C11",2
"C11_12",1.35678875634082,6,4,"15","C11",2
"C11_13",1.54068719165686,7,6,"anc5","C11",2
"C11_14",1.7196855515275,6,6,"17","C11",2
"C11_15",1.54112854530264,5,6,"15","C11",2
"C11_16",1.54898202373082,6,8,"anc5","C11",2
"C11_17",1.54172493149029,6,8,"17","C11",2
"C11_18",1.62612610091001,5,8,"15","C11",2
"C11_19",1.47131809028113,6,10,"anc5","C11",2
"C11_2",0.804429221965836,5,0.5,"17","C11",2
"C11_20",1.55793755360235,6,10,"17","C11",2
"C11_21",1.66496396515961,5,10,"15","C11",2
"C11_22",1.46541510196678,6,20,"anc5","C11",2
"C11_23",1.49583723178003,6,20,"17","C11",2
"C11_24",1.42877230264921,6,20,"15","C11",2
"C11_25",1.73458433747665,6,35,"anc5","C11",2
"C11_26",1.57013288026373,6,35,"17","C11",2
"C11_27",1.43378523765473,7,35,"15","C11",2
"C11_28",1.55442362248455,6,50,"anc5","C11",2
"C11_29",1.40867207197909,6,50,"17","C11",2
"C11_3",0.0959523704725081,6,0.5,"15","C11",2
"C11_30",1.76277856008102,5,50,"15","C11",2
"C11_4",0.918612979603843,7,1,"anc5","C11",2
"C11_5",1.29810309615425,5,1,"17","C11",2
"C11_6",0.447106133709074,5,1,"15","C11",2
"C11_7",2.49550717912361,3,2,"anc5","C11",2
"C11_8",1.261355271079,5,2,"17","C11",2
"C11_9",0.917173417051865,5,2,"15","C11",2
"D02_1",0.527913280344479,4,0.5,"24","D02",2
"D02_10",1.65337239456087,5,4,"24","D02",2
"D02_11",1.31900402705748,6,4,"18","D02",2
"D02_12",1.59808521535722,6,4,"29","D02",2
"D02_13",1.51506819239865,5,6,"24","D02",2
"D02_14",1.43276910649405,6,6,"18","D02",2
"D02_15",1.36122049026331,7,6,"29","D02",2
"D02_16",1.70352531479861,6,8,"24","D02",2
"D02_17",1.60653777580887,6,8,"18","D02",2
"D02_18",1.37562702893178,6,8,"29","D02",2
"D02_19",1.61851584651158,7,10,"24","D02",2
"D02_2",0.346864652129466,5,0.5,"18","D02",2
"D02_20",1.74108269808117,5,10,"18","D02",2
"D02_21",1.4570579480715,7,10,"29","D02",2
"D02_22",1.70080208819145,6,20,"24","D02",2
"D02_23",1.50337859339115,5,20,"18","D02",2
"D02_24",1.41086159312684,6,20,"29","D02",2
"D02_25",1.71178702768124,6,35,"24","D02",2
"D02_26",1.44342343877267,6,35,"18","D02",2
"D02_27",1.52869000976806,6,35,"29","D02",2
"D02_28",1.80698302355849,5,50,"24","D02",2
"D02_29",1.47674170846437,6,50,"18","D02",2
"D02_3",0.857537095209827,5,0.5,"29","D02",2
"D02_30",1.42547331507251,7,50,"29","D02",2
"D02_4",0.780447731920441,5,1,"24","D02",2
"D02_5",0.688850828076816,5,1,"18","D02",2
"D02_6",0.953561859034917,5,1,"29","D02",2
"D02_7",1.20302506688765,5,2,"24","D02",2
"D02_8",1.05792395795699,5,2,"18","D02",2
"D02_9",1.36642616886046,5,2,"29","D02",2
"D03_1",0.810401701384979,5,0.5,"8","D03",2
"D03_10",1.37165651363869,7,4,"8","D03",2
"D03_11",0.0123484761292173,6,4,"22","D03",4
"D03_12",1.10099270205893,6,4,"20","D03",2
"D03_13",1.4547123904674,7,6,"8","D03",2
"D03_14",0.0260759044321273,5,6,"22","D03",4
"D03_15",1.33819040910932,6,6,"20","D03",2
"D03_16",1.5366869630676,7,8,"8","D03",2
"D03_17",1.47056891004569,7,8,"22","D03",4
"D03_18",1.37447664239144,5,8,"20","D03",2
"D03_19",1.55440659823881,6,10,"8","D03",2
"D03_2",-0.0307640480100664,3,0.5,"22","D03",4
"D03_20",1.48732759818365,6,10,"22","D03",4
"D03_21",1.44823302589784,5,10,"20","D03",2
"D03_22",1.6562739082125,6,20,"8","D03",2
"D03_23",1.68570658299827,5,20,"anc2","D03",4
"D03_24",1.43399181284315,6,20,"20","D03",2
"D03_25",1.70619691038469,6,35,"8","D03",2
"D03_26",1.50615106424465,6,35,"22","D03",4
"D03_27",1.49578470509974,6,35,"20","D03",2
"D03_28",1.70996971682891,7,50,"8","D03",2
"D03_29",1.33194325811568,6,50,"22","D03",4
"D03_3",0.423909910193545,5,0.5,"20","D03",2
"D03_30",1.43828151824345,6,50,"20","D03",2
"D03_4",1.01310563542999,6,1,"8","D03",2
"D03_5",0.175462402412696,6,1,"22","D03",4
"D03_6",0.232396408360354,5,1,"20","D03",2
"D03_7",1.18579772793923,7,2,"8","D03",2
"D03_8",0.865720523941168,5,2,"22","D03",4
"D03_9",0.997374319499924,5,2,"20","D03",2
"D04_1",0.285099212005713,5,0.5,"19","D04",2
"D04_10",1.1840864035202,6,4,"19","D04",2
"D04_11",1.38898400454813,5,4,"4","D04",2
"D04_12",1.21691507735148,6,4,"anc4","D04",2
"D04_13",1.44989726720983,5,6,"19","D04",2
"D04_14",1.3196009046768,6,6,"4","D04",2
"D04_15",1.27398800144228,7,6,"anc4","D04",2
"D04_16",1.62596160333134,5,8,"19","D04",2
"D04_17",1.5727539950165,6,8,"4","D04",2
"D04_18",1.50084075835134,5,8,"anc4","D04",2
"D04_19",1.66222902106685,5,10,"19","D04",2
"D04_2",0.433802728035822,5,0.5,"4","D04",2
"D04_20",1.47942527424541,5,10,"4","D04",2
"D04_21",1.36887317553293,5,10,"anc4","D04",2
"D04_22",1.50771416202473,5,20,"19","D04",2
"D04_23",1.53396202239507,5,20,"4","D04",2
"D04_24",1.46104629168649,5,20,"anc4","D04",2
"D04_25",1.60361128198073,6,35,"19","D04",2
"D04_26",1.67286281286877,5,35,"4","D04",2
"D04_27",1.48832640247999,5,35,"anc4","D04",2
"D04_28",1.43596963724365,6,50,"19","D04",2
"D04_29",1.41743288087799,5,50,"4","D04",2
"D04_3",0.478077783842262,5,0.5,"anc4","D04",2
"D04_30",1.45571778579231,5,50,"anc4","D04",2
"D04_4",0.832940512892465,3,1,"19","D04",2
"D04_5",0.758796785668403,7,1,"4","D04",2
"D04_6",0.780839659128036,5,1,"anc4","D04",2
"D04_7",1.19246825982243,5,2,"19","D04",2
"D04_8",1.08660154655908,5,2,"4","D04",2
"D04_9",1.13988652394312,5,2,"anc4","D04",2
"D05_1",0.266122687526749,5,0.5,"33","D05",2
"D05_10",1.20992755591794,5,4,"33","D05",2
"D05_11",1.34438347378348,5,4,"9","D05",2
"D05_12",1.44098884789864,5,4,"10","D05",2
"D05_13",1.4273206099757,5,6,"33","D05",2
"D05_14",1.73544674978924,5,6,"9","D05",2
"D05_15",1.37529334843121,5,6,"10","D05",2
"D05_16",1.46316062918708,5,8,"33","D05",2
"D05_17",1.26009240416033,7,8,"9","D05",2
"D05_18",1.49400699855651,5,8,"10","D05",2
"D05_19",1.40821188860338,5,10,"33","D05",2
"D05_2",0.162163860165645,5,0.5,"9","D05",2
"D05_20",1.70326154428724,5,10,"9","D05",2
"D05_21",1.41754289286611,5,10,"10","D05",2
"D05_22",1.49172324877131,5,20,"33","D05",2
"D05_23",1.60501903056507,5,20,"9","D05",2
"D05_24",1.51260751119299,5,20,"10","D05",2
"D05_25",1.66382545202445,5,35,"33","D05",2
"D05_26",1.73010419841078,5,35,"9","D05",2
"D05_27",1.45936058090587,5,35,"10","D05",2
"D05_28",1.44837945229163,4,50,"33","D05",2
"D05_29",1.30794235911875,5,50,"9","D05",2
"D05_3",0.327733233656672,5,0.5,"10","D05",2
"D05_30",1.53971478825211,5,50,"10","D05",2
"D05_4",0.351634391289603,5,1,"33","D05",2
"D05_5",0.560220539528832,5,1,"9","D05",2
"D05_6",0.629863669634006,4,1,"10","D05",2
"D05_7",1.17419913607531,5,2,"33","D05",2
"D05_8",0.85440797009529,5,2,"9","D05",2
"D05_9",1.03965863874826,6,2,"10","D05",2
"D06_1",0.44442006775828,5,0.5,"14","D06",2
"D06_10",1.4557179053628,5,4,"14","D06",2
"D06_11",1.22365241650306,5,4,"31","D06",2
"D06_12",1.16108941151788,6,4,"5","D06",3
"D06_13",1.5416668596541,5,6,"14","D06",2
"D06_14",1.43019487320183,5,6,"31","D06",2
"D06_15",1.27870410316697,7,6,"5","D06",3
"D06_16",1.47917593565144,7,8,"14","D06",2
"D06_17",1.48375947177836,5,8,"31","D06",2
"D06_18",1.52311166724619,5,8,"5","D06",3
"D06_19",1.72239953238209,5,10,"14","D06",2
"D06_2",0.34018788827851,5,0.5,"31","D06",2
"D06_20",1.50136783907062,5,10,"31","D06",2
"D06_21",1.24537202078151,5,10,"5","D06",3
"D06_22",1.60201169237732,5,20,"14","D06",2
"D06_23",1.5701775884476,5,20,"31","D06",2
"D06_24",1.51815812521898,6,20,"5","D06",3
"D06_25",1.67258976581507,6,35,"14","D06",2
"D06_26",1.70689809528462,5,35,"31","D06",2
"D06_27",1.45229322628429,5,35,"5","D06",3
"D06_28",1.45268136437372,6,50,"14","D06",2
"D06_29",1.4506431056682,5,50,"31","D06",2
"D06_3",0.341331496689385,5,0.5,"5","D06",3
"D06_30",1.63508643926675,5,50,"5","D06",3
"D06_4",0.817854133136317,3,1,"14","D06",2
"D06_5",0.731233407748945,5,1,"31","D06",2
"D06_6",0.660116986024773,5,1,"5","D06",3
"D06_7",1.12354044263178,5,2,"14","D06",2
"D06_8",0.891852881405571,5,2,"31","D06",2
"D06_9",1.07799096009702,6,2,"5","D06",3
"D07_1",0.418812158132727,3,0.5,"32","D07",2
"D07_10",1.31131090943627,5,4,"32","D07",2
"D07_11",1.58270278175377,4,4,"35","D07",2
"D07_12",1.12648105320882,7,4,"anc3","D07",3
"D07_13",1.38905647469239,5,6,"32","D07",2
"D07_14",1.50116341338521,6,6,"35","D07",2
"D07_15",1.14247592995655,7,6,"anc3","D07",3
"D07_16",1.51592881260065,6,8,"32","D07",2
"D07_17",1.39548470241396,6,8,"35","D07",2
"D07_18",1.35247699115792,6,8,"anc3","D07",3
"D07_19",1.53627076144633,5,10,"32","D07",2
"D07_2",0.937135956591726,4,0.5,"35","D07",2
"D07_20",1.52660872285203,5,10,"35","D07",2
"D07_21",1.27183149209644,5,10,"anc3","D07",3
"D07_22",1.52297547658168,5,20,"32","D07",2
"D07_23",1.45260276517294,6,20,"35","D07",2
"D07_24",1.35410926940687,6,20,"anc3","D07",3
"D07_25",1.73566377764508,5,35,"32","D07",2
"D07_26",1.47795684366833,6,35,"35","D07",2
"D07_27",1.31952768520219,5,35,"anc3","D07",3
"D07_28",1.38741902924497,5,50,"32","D07",2
"D07_29",1.26609692128823,7,50,"35","D07",2
"D07_3",0.448543545249711,5,0.5,"anc3","D07",3
"D07_30",1.39648064303531,5,50,"anc3","D07",3
"D07_4",0.567368372171783,3,1,"32","D07",2
"D07_5",1.10107081475289,4,1,"35","D07",2
"D07_6",0.854164641736719,5,1,"anc3","D07",3
"D07_7",1.19899526333491,5,2,"32","D07",2
"D07_8",1.60719507706059,5,2,"35","D07",2
"D07_9",0.875771564605759,7,2,"anc3","D07",3
"D08_1",0.335129535410178,5,0.5,"32","D08",3
"D08_10",1.3695838370787,5,4,"32","D08",3
"D08_11",1.40515479636779,7,4,"35","D08",3
"D08_12",1.15233657746637,5,4,"20","D08",3
"D08_13",1.49310898942037,5,6,"32","D08",3
"D08_14",1.44739755131183,6,6,"35","D08",3
"D08_15",1.19419263653128,5,6,"20","D08",3
"D08_16",1.4719276319586,6,8,"32","D08",3
"D08_17",1.39340184199908,5,8,"35","D08",3
"D08_18",1.36848448048537,5,8,"20","D08",3
"D08_19",1.45805529685626,5,10,"32","D08",3
"D08_2",1.21476298620892,4,0.5,"35","D08",3
"D08_20",1.42677865140962,6,10,"35","D08",3
"D08_21",1.27712819554496,5,10,"20","D08",3
"D08_22",1.72087099483637,5,20,"32","D08",3
"D08_23",1.48613413433243,6,20,"35","D08",3
"D08_24",1.29054382538855,6,20,"20","D08",3
"D08_25",1.73187205673445,5,35,"32","D08",3
"D08_26",1.50071100921086,6,35,"35","D08",3
"D08_27",1.35506112988194,5,35,"20","D08",3
"D08_28",1.44889544520225,5,50,"32","D08",3
"D08_29",1.33101980835852,7,50,"35","D08",3
"D08_3",0.332798882634265,5,0.5,"20","D08",3
"D08_30",1.65957408287499,5,50,"20","D08",3
"D08_4",0.681681739451748,3,1,"32","D08",3
"D08_5",1.21682183927459,5,1,"35","D08",3
"D08_6",0.146595218907409,5,1,"20","D08",3
"D08_7",1.2440063634833,5,2,"32","D08",3
"D08_8",1.39273497084249,5,2,"35","D08",3
"D08_9",0.82002755430215,7,2,"20","D08",3
"D09_1",0.554283063230892,4,0.5,"14","D09",3
"D09_10",1.39238938455673,5,4,"14","D09",3
"D09_11",1.23079459257366,5,4,"31","D09",3
"D09_12",1.5784955877902,5,4,"3","D09",3
"D09_13",1.72495492171687,5,6,"14","D09",3
"D09_14",1.3664342201052,5,6,"31","D09",3
"D09_15",1.33479576552931,5,6,"3","D09",3
"D09_16",1.50787933776405,7,8,"14","D09",3
"D09_17",1.50643651516459,5,8,"31","D09",3
"D09_18",1.40867837141015,6,8,"3","D09",3
"D09_19",1.6298597463937,5,10,"14","D09",3
"D09_2",0.484127204354206,5,0.5,"31","D09",3
"D09_20",1.60906571999436,5,10,"31","D09",3
"D09_21",1.42122759519725,6,10,"3","D09",3
"D09_22",1.3575529152033,5,20,"14","D09",3
"D09_23",1.47060995191377,5,20,"31","D09",3
"D09_24",1.36493308499489,6,20,"3","D09",3
"D09_25",1.70735256115182,6,35,"14","D09",3
"D09_26",1.51967933562244,5,35,"31","D09",3
"D09_27",1.49706192505184,5,35,"3","D09",3
"D09_28",1.45446761020359,7,50,"14","D09",3
"D09_29",1.33925913734499,5,50,"31","D09",3
"D09_3",0.918702581224262,5,0.5,"3","D09",3
"D09_30",1.51655588423629,6,50,"3","D09",3
"D09_4",0.743286044473103,5,1,"14","D09",3
"D09_5",0.867672854686994,5,1,"31","D09",3
"D09_6",0.978239448920293,4,1,"3","D09",3
"D09_7",1.2807553776972,5,2,"14","D09",3
"D09_8",1.05134059467937,5,2,"31","D09",3
"D09_9",1.1824220577022,5,2,"3","D09",3
"D10_1",0.509673699090685,4,0.5,"19","D10",3
"D10_10",1.47611280104258,5,4,"19","D10",3
"D10_11",1.32373295792464,6,4,"4","D10",3
"D10_12",1.53921737368133,5,4,"7","D10",3
"D10_13",1.33277848822141,5,6,"19","D10",3
"D10_14",1.65670552284014,5,6,"4","D10",3
"D10_15",1.26822259388752,5,6,"7","D10",3
"D10_16",1.5864755447873,6,8,"19","D10",3
"D10_17",1.55034135327838,5,8,"4","D10",3
"D10_18",1.45008120481586,7,8,"7","D10",3
"D10_19",1.62121188125697,5,10,"19","D10",3
"D10_2",0.454552367119068,5,0.5,"4","D10",3
"D10_20",1.58740809307381,5,10,"4","D10",3
"D10_21",1.35246622996907,6,10,"7","D10",3
"D10_22",1.45652017191808,6,20,"19","D10",3
"D10_23",1.42611081178011,6,20,"4","D10",3
"D10_24",1.39724163490888,7,20,"7","D10",3
"D10_25",1.43204460056174,6,35,"19","D10",3
"D10_26",1.49735105280381,5,35,"4","D10",3
"D10_27",1.37419110046557,6,35,"7","D10",3
"D10_28",1.41065070715889,6,50,"19","D10",3
"D10_29",1.33350470778584,5,50,"4","D10",3
"D10_3",0.409884450911926,5,0.5,"7","D10",3
"D10_30",1.58130351390935,6,50,"7","D10",3
"D10_4",0.529954557343028,5,1,"19","D10",3
"D10_5",0.981553675556305,5,1,"4","D10",3
"D10_6",0.629541540860029,5,1,"7","D10",3
"D10_7",0.939353392109555,5,2,"19","D10",3
"D10_8",1.03286985953605,5,2,"4","D10",3
"D10_9",1.14382419629205,4,2,"7","D10",3
"D11_1",0.601564709016796,5,0.5,"11","D11",3
"D11_10",1.30591069031274,6,4,"11","D11",3
"D11_11",1.23217117879698,6,4,"27","D11",3
"D11_12",1.23674409568261,6,4,"10","D11",3
"D11_13",1.55585478453022,5,6,"11","D11",3
"D11_14",1.4066593893849,5,6,"27","D11",3
"D11_15",1.40503556716955,5,6,"10","D11",3
"D11_16",1.51991025832095,6,8,"11","D11",3
"D11_17",1.71226919180585,5,8,"27","D11",3
"D11_18",1.53270212213089,5,8,"10","D11",3
"D11_19",1.54292061822156,5,10,"11","D11",3
"D11_2",0.312091659549803,5,0.5,"27","D11",3
"D11_20",1.68354490861033,6,10,"27","D11",3
"D11_21",1.243641132995,5,10,"10","D11",3
"D11_22",1.58782639783332,5,20,"11","D11",3
"D11_23",1.51871308388171,7,20,"27","D11",3
"D11_24",1.30423865333784,6,20,"10","D11",3
"D11_25",1.45800876039404,5,35,"11","D11",3
"D11_26",1.36450906615785,7,35,"27","D11",3
"D11_27",1.28100870351326,5,35,"10","D11",3
"D11_28",1.42057713737783,5,50,"11","D11",3
"D11_29",1.63167058614248,5,50,"27","D11",3
"D11_3",0.406400046702195,5,0.5,"10","D11",3
"D11_30",1.94114907594244,7,50,"10","D11",3
"D11_4",0.859943640425223,5,1,"11","D11",3
"D11_5",0.630647752279775,5,1,"27","D11",3
"D11_6",0.653002180824711,4,1,"10","D11",3
"D11_7",1.00374658769053,7,2,"11","D11",3
"D11_8",0.84272901871308,7,2,"27","D11",3
"D11_9",1.04946242765005,5,2,"10","D11",3
"E02_1",0.505874935798012,4,0.5,"1","E02",3
"E02_10",1.3843305848948,5,4,"1","E02",3
"E02_11",1.21912307668452,5,4,"26","E02",3
"E02_12",1.20265954239223,6,4,"anc4","E02",3
"E02_13",1.44389778592669,5,6,"1","E02",3
"E02_14",1.30154797054,6,6,"26","E02",3
"E02_15",1.30156427543983,6,6,"anc4","E02",3
"E02_16",1.48721283724365,5,8,"1","E02",3
"E02_17",1.55222548731944,5,8,"26","E02",3
"E02_18",1.47174209901624,5,8,"anc4","E02",3
"E02_19",1.49528540521638,5,10,"1","E02",3
"E02_2",0.389287642087231,5,0.5,"26","E02",3
"E02_20",1.34041799759632,5,10,"26","E02",3
"E02_21",1.32718964207707,5,10,"anc4","E02",3
"E02_22",1.45329110221458,6,20,"1","E02",3
"E02_23",1.56230020424718,5,20,"26","E02",3
"E02_24",1.33436220688864,5,20,"anc4","E02",3
"E02_25",1.66459997590167,6,35,"1","E02",3
"E02_26",1.53486725513196,6,35,"26","E02",3
"E02_27",1.72274075641171,5,35,"anc4","E02",3
"E02_28",1.56787454927082,6,50,"1","E02",3
"E02_29",1.62058099713136,5,50,"26","E02",3
"E02_3",0.428138514169817,5,0.5,"anc4","E02",3
"E02_30",1.42555745850355,5,50,"anc4","E02",3
"E02_4",0.697063770239259,5,1,"1","E02",3
"E02_5",0.645408621600178,5,1,"26","E02",3
"E02_6",0.608194462073462,5,1,"anc4","E02",3
"E02_7",1.06700793290474,5,2,"1","E02",3
"E02_8",0.912924261449463,5,2,"26","E02",3
"E02_9",0.998649963901645,6,2,"anc4","E02",3
"E03_1",0.561732640081749,6,0.5,"25","E03",3
"E03_10",1.2915723747393,6,4,"25","E03",3
"E03_11",1.3869361113025,7,4,"28","E03",3
"E03_12",1.41614090092231,6,4,"30","E03",3
"E03_13",1.47027383623669,4,6,"25","E03",3
"E03_14",1.55869630407547,7,6,"28","E03",3
"E03_15",1.45763476535296,5,6,"30","E03",3
"E03_16",1.48888127218489,5,8,"25","E03",3
"E03_17",1.54264142782952,6,8,"28","E03",3
"E03_18",1.35595692040557,6,8,"30","E03",3
"E03_19",1.57035352588669,5,10,"25","E03",3
"E03_2",0.669445336658655,5,0.5,"28","E03",3
"E03_20",1.42789173506225,6,10,"28","E03",3
"E03_21",1.5185195852067,5,10,"30","E03",3
"E03_22",1.69071308134173,5,20,"25","E03",3
"E03_23",1.48132549780748,7,20,"28","E03",3
"E03_24",1.6012117677933,5,20,"30","E03",3
"E03_25",1.67635489718809,5,35,"25","E03",3
"E03_26",1.62838773677401,6,35,"28","E03",3
"E03_27",1.61092224906121,5,35,"30","E03",3
"E03_28",1.57482112582755,5,50,"25","E03",3
"E03_29",1.29177140476987,7,50,"28","E03",3
"E03_3",0.334030045778158,3,0.5,"30","E03",3
"E03_30",1.52198239651117,4,50,"30","E03",3
"E03_4",1.00910812668401,5,1,"25","E03",3
"E03_5",1.03452158850715,5,1,"28","E03",3
"E03_6",0.688804214837924,5,1,"30","E03",3
"E03_7",1.03872541783558,7,2,"25","E03",3
"E03_8",1.34522135534743,5,2,"28","E03",3
"E03_9",1.31371830089354,4,2,"30","E03",3
"E04_11",1.50451359270123,5,4,"2","E04",3
"E04_12",1.33235368392945,6,4,"16","E04",3
"E04_14",1.71721964181259,5,6,"2","E04",3
"E04_15",1.47904298176733,6,6,"16","E04",3
"E04_17",1.25521816662833,5,8,"2","E04",3
"E04_18",1.54734136324011,5,8,"16","E04",3
"E04_2",0.512592351171082,4,0.5,"2","E04",3
"E04_20",1.43032098301804,6,10,"2","E04",3
"E04_21",1.50082271352285,5,10,"16","E04",3
"E04_23",1.55412374797082,5,20,"2","E04",3
"E04_24",1.45718080942452,6,20,"16","E04",3
"E04_26",1.59499480366349,6,35,"2","E04",3
"E04_27",1.66313480789487,5,35,"16","E04",3
"E04_29",1.90889157757793,4,50,"2","E04",3
"E04_3",0.456429797141745,5,0.5,"16","E04",3
"E04_30",1.55671557123805,5,50,"16","E04",3
"E04_5",1.61302215881997,3,1,"2","E04",3
"E04_6",0.631839423037958,5,1,"16","E04",3
"E04_8",1.03417025939584,5,2,"2","E04",3
"E04_9",1.26228495407748,4,2,"16","E04",3
"E05_1",0.349341006448052,3,0.5,"23","E05",3
"E05_10",1.186230148946,5,4,"23","E05",3
"E05_11",1.20743350033182,7,4,"anc2","E05",5
"E05_12",1.34534163496278,6,4,"cc1690","E05",3
"E05_13",1.36793201573041,5,6,"23","E05",3
"E05_14",1.46626476098389,7,6,"anc2","E05",5
"E05_15",1.41069727371475,6,6,"cc1690","E05",3
"E05_16",1.40872070301959,6,8,"23","E05",3
"E05_17",1.50347710679815,5,8,"anc2","E05",5
"E05_18",1.57054285805128,5,8,"cc1690","E05",3
"E05_19",1.57169131548263,6,10,"23","E05",3
"E05_2",0.473983044186053,5,0.5,"anc2","E05",5
"E05_20",1.4613953376589,5,10,"anc2","E05",5
"E05_21",1.48533736593353,5,10,"cc1690","E05",3
"E05_22",1.58946142386311,5,20,"23","E05",3
"E05_23",1.49542141016418,7,20,"22","E05",5
"E05_24",1.50276730784011,5,20,"cc1690","E05",3
"E05_25",1.50542765593025,6,35,"23","E05",3
"E05_26",1.53543034122454,5,35,"anc2","E05",5
"E05_27",1.64726916591455,5,35,"cc1690","E05",3
"E05_28",1.58573015107066,5,50,"23","E05",3
"E05_29",1.56847342470486,5,50,"anc2","E05",5
"E05_3",0.530405356756368,5,0.5,"cc1690","E05",3
"E05_30",1.52344050676891,5,50,"cc1690","E05",3
"E05_4",0.316139383487182,5,1,"23","E05",3
"E05_5",0.928350734701278,5,1,"anc2","E05",5
"E05_6",0.570003148534531,5,1,"cc1690","E05",3
"E05_7",1.01651844621702,5,2,"23","E05",3
"E05_8",1.19801420401331,4,2,"anc2","E05",5
"E05_9",1.10922115328361,6,2,"cc1690","E05",3
"E06_1",0.41860073833527,4,0.5,"24","E06",3
"E06_10",1.47768502837341,5,4,"24","E06",3
"E06_11",1.16974470000845,6,4,"18","E06",3
"E06_12",1.36546840170777,6,4,"29","E06",3
"E06_13",1.31837545791882,6,6,"24","E06",3
"E06_14",1.38000332183476,5,6,"18","E06",3
"E06_15",1.41908880663179,7,6,"29","E06",3
"E06_16",1.54124922046485,6,8,"24","E06",3
"E06_17",1.51465456413791,5,8,"18","E06",3
"E06_18",1.39183706718544,7,8,"29","E06",3
"E06_19",1.54164919549465,6,10,"24","E06",3
"E06_2",0.41404962572872,5,0.5,"18","E06",3
"E06_20",1.62653377464735,5,10,"18","E06",3
"E06_21",1.41875035074744,6,10,"29","E06",3
"E06_22",1.57515342162216,6,20,"24","E06",3
"E06_23",1.50021516830522,5,20,"18","E06",3
"E06_24",1.46948374362411,6,20,"29","E06",3
"E06_25",1.69489202111305,6,35,"24","E06",3
"E06_26",1.59780814812263,5,35,"18","E06",3
"E06_27",1.33870875649676,6,35,"29","E06",3
"E06_28",1.573141630032,3,50,"24","E06",3
"E06_29",1.59956225215453,5,50,"18","E06",3
"E06_3",0.4022014308632,6,0.5,"29","E06",3
"E06_30",1.36213893322232,6,50,"29","E06",3
"E06_4",0.833427670279178,3,1,"24","E06",3
"E06_5",0.781622066519943,5,1,"18","E06",3
"E06_6",0.808444226410126,4,1,"29","E06",3
"E06_7",1.07353318826929,6,2,"24","E06",3
"E06_8",0.994651084513173,5,2,"18","E06",3
"E06_9",1.03866184083093,5,2,"29","E06",3
"E07_1",0.746369099843823,5,0.5,"anc5","E07",3
"E07_10",1.35385432286777,6,4,"anc5","E07",3
"E07_11",1.44954077208115,6,4,"17","E07",3
"E07_12",1.2812643348192,5,4,"15","E07",3
"E07_13",1.37218210095015,7,6,"anc5","E07",3
"E07_14",1.50838837306998,6,6,"17","E07",3
"E07_15",1.42321666077916,5,6,"15","E07",3
"E07_16",1.51121246757926,6,8,"anc5","E07",3
"E07_17",1.49219525854096,6,8,"17","E07",3
"E07_18",1.40445453167389,5,8,"15","E07",3
"E07_19",1.57959579606209,5,10,"anc5","E07",3
"E07_2",0.574669914590065,5,0.5,"17","E07",3
"E07_20",1.58051190059068,5,10,"17","E07",3
"E07_21",1.41613090701886,5,10,"15","E07",3
"E07_22",1.63011869811068,5,20,"anc5","E07",3
"E07_23",1.57804929977098,6,20,"17","E07",3
"E07_24",1.59109461160375,6,20,"15","E07",3
"E07_25",1.53477723723185,6,35,"anc5","E07",3
"E07_26",1.58348936968169,6,35,"17","E07",3
"E07_27",1.64321492285828,6,35,"15","E07",3
"E07_28",1.77511586726453,5,50,"anc5","E07",3
"E07_29",1.47424165013235,6,50,"17","E07",3
"E07_3",0.366909004985002,5,0.5,"15","E07",3
"E07_30",1.6999997076945,5,50,"15","E07",3
"E07_4",0.857631645509066,5,1,"anc5","E07",3
"E07_5",1.05411981194793,5,1,"17","E07",3
"E07_6",0.481675690610983,5,1,"15","E07",3
"E07_7",1.15774897627396,7,2,"anc5","E07",3
"E07_8",1.3005394832319,5,2,"17","E07",3
"E07_9",1.08877846501394,5,2,"15","E07",3
"E08_1",0.401354062697161,4,0.5,"33","E08",3
"E08_10",1.27985951674884,5,4,"33","E08",3
"E08_11",1.26819689291844,5,4,"9","E08",3
"E08_12",1.16718508410202,6,4,"30","E08",4
"E08_13",1.34127939072503,5,6,"33","E08",3
"E08_14",1.3691833753506,5,6,"9","E08",3
"E08_15",1.44280032060743,5,6,"30","E08",4
"E08_16",1.50408644992462,5,8,"33","E08",3
"E08_17",1.27052704909692,7,8,"9","E08",3
"E08_18",1.49219995665914,5,8,"30","E08",4
"E08_19",1.51327364378156,5,10,"33","E08",3
"E08_2",0.143919736082231,5,0.5,"9","E08",3
"E08_20",1.64845115108313,5,10,"9","E08",3
"E08_21",1.35223104551384,5,10,"30","E08",4
"E08_22",1.45969710519271,5,20,"33","E08",3
"E08_23",1.66040566171716,5,20,"9","E08",3
"E08_24",1.42444583338753,5,20,"30","E08",4
"E08_25",1.75295603426719,5,35,"33","E08",3
"E08_26",1.57392976021081,5,35,"9","E08",3
"E08_27",1.49743695897289,6,35,"30","E08",4
"E08_28",1.44893013673195,5,50,"33","E08",3
"E08_29",1.48952240098636,5,50,"9","E08",3
"E08_3",0.11901155799493,6,0.5,"30","E08",4
"E08_30",1.4816577278303,4,50,"30","E08",4
"E08_4",0.442148431031923,5,1,"33","E08",3
"E08_5",0.823469044900723,3,1,"9","E08",3
"E08_6",0.650592844207689,4,1,"30","E08",4
"E08_7",1.05630885919059,5,2,"33","E08",3
"E08_8",0.834984250246023,5,2,"9","E08",3
"E08_9",1.10918988727497,4,2,"30","E08",4
"E09_1",0.434443032513848,5,0.5,"6","E09",3
"E09_10",1.38514246355403,5,4,"6","E09",3
"E09_11",1.42480523713515,7,4,"21","E09",3
"E09_12",1.04580679770254,7,4,"20","E09",4
"E09_13",1.48426954549391,6,6,"6","E09",3
"E09_14",1.46796450047878,6,6,"21","E09",3
"E09_15",1.23310825681237,5,6,"20","E09",4
"E09_16",1.56646378560536,7,8,"6","E09",3
"E09_17",1.61633526948468,6,8,"21","E09",3
"E09_18",1.32072507953028,5,8,"20","E09",4
"E09_19",1.64775523719857,6,10,"6","E09",3
"E09_2",0.695515730931154,5,0.5,"21","E09",3
"E09_20",1.63191387467887,7,10,"21","E09",3
"E09_21",1.46631104722078,5,10,"20","E09",4
"E09_22",1.4563790234603,7,20,"6","E09",3
"E09_23",1.49327790577876,7,20,"21","E09",3
"E09_24",1.52009050032267,5,20,"20","E09",4
"E09_25",1.67528665327153,6,35,"6","E09",3
"E09_26",1.66083019362339,7,35,"21","E09",3
"E09_27",1.47406732853074,5,35,"20","E09",4
"E09_28",1.40759713152404,7,50,"6","E09",3
"E09_29",1.68826403379151,7,50,"21","E09",3
"E09_3",0.179221715522779,6,0.5,"20","E09",4
"E09_30",1.60357880335206,5,50,"20","E09",4
"E09_4",0.759742896382664,5,1,"6","E09",3
"E09_5",1.00444642246524,5,1,"21","E09",3
"E09_6",0.238408916129644,4,1,"20","E09",4
"E09_7",1.02997770784706,6,2,"6","E09",3
"E09_8",1.11533138920147,7,2,"21","E09",3
"E09_9",0.854345014541739,6,2,"20","E09",4
"E10_1",0.721679144773513,5,0.5,"8","E10",3
"E10_10",1.33910507163382,7,4,"8","E10",3
"E10_11",-0.0308576713189273,6,4,"22","E10",6
"E10_12",1.36786676329744,5,4,"5","E10",4
"E10_13",1.48930396342593,7,6,"8","E10",3
"E10_14",0.469481924023986,3,6,"22","E10",6
"E10_15",1.29997990882046,6,6,"5","E10",4
"E10_16",1.64544395880616,6,8,"8","E10",3
"E10_17",1.51440505817561,6,8,"22","E10",6
"E10_18",1.46295929448497,6,8,"5","E10",4
"E10_19",1.61656533991038,6,10,"8","E10",3
"E10_2",1.07726165442744,3,0.5,"22","E10",6
"E10_20",1.41644606251683,5,10,"22","E10",6
"E10_21",1.28461286224856,5,10,"5","E10",4
"E10_22",1.55060226969466,6,20,"8","E10",3
"E10_23",1.66356095876555,5,20,"anc2","E10",6
"E10_24",1.5159025184662,6,20,"5","E10",4
"E10_25",1.72676987001645,7,35,"8","E10",3
"E10_26",1.47596912385764,5,35,"22","E10",6
"E10_27",1.61872314545955,5,35,"5","E10",4
"E10_28",1.73870831697022,6,50,"8","E10",3
"E10_29",1.44775867016043,6,50,"22","E10",6
"E10_3",0.315212660231956,5,0.5,"5","E10",4
"E10_30",1.61551343394025,5,50,"5","E10",4
"E10_4",0.860866089914423,6,1,"8","E10",3
"E10_5",-0.0790620169242776,6,1,"22","E10",6
"E10_6",0.605586373252274,5,1,"5","E10",4
"E10_7",1.139671322102,7,2,"8","E10",3
"E10_8",0.820889767277491,5,2,"22","E10",6
"E10_9",0.917081672607393,6,2,"5","E10",4
"E11_1",0.532675576043805,4,0.5,"24","E11",4
"E11_10",1.11956820002383,6,4,"24","E11",4
"E11_11",1.23033900799182,5,4,"18","E11",4
"E11_12",1.37132299895638,6,4,"16","E11",4
"E11_13",1.44558677323165,5,6,"24","E11",4
"E11_14",1.36625003186141,6,6,"18","E11",4
"E11_15",1.43102572456046,6,6,"16","E11",4
"E11_16",1.43438924130932,7,8,"24","E11",4
"E11_17",1.39920336283598,6,8,"18","E11",4
"E11_18",1.37597942638671,6,8,"16","E11",4
"E11_19",1.49946372590633,7,10,"24","E11",4
"E11_2",0.324677618167422,5,0.5,"18","E11",4
"E11_20",1.57328996281014,5,10,"18","E11",4
"E11_21",1.58760689269215,5,10,"16","E11",4
"E11_22",1.48193671919809,7,20,"24","E11",4
"E11_23",1.46089563807968,5,20,"18","E11",4
"E11_24",1.51131260613006,6,20,"16","E11",4
"E11_25",1.68388590980948,6,35,"24","E11",4
"E11_26",1.58880823209949,5,35,"18","E11",4
"E11_27",1.47981434046838,5,35,"16","E11",4
"E11_28",1.6133969554877,5,50,"24","E11",4
"E11_29",1.63453294739858,5,50,"18","E11",4
"E11_3",0.530059143720137,3,0.5,"16","E11",4
"E11_30",1.65131636471436,5,50,"16","E11",4
"E11_4",0.679892152875287,5,1,"24","E11",4
"E11_5",0.722756976683068,5,1,"18","E11",4
"E11_6",0.549127124724309,4,1,"16","E11",4
"E11_7",1.14340970588337,5,2,"24","E11",4
"E11_8",0.965686225976684,5,2,"18","E11",4
"E11_9",0.927235354312058,5,2,"16","E11",4
"F02_1",0.676987371653666,5,0.5,"25","F02",4
"F02_10",1.31680146655273,6,4,"25","F02",4
"F02_11",1.3692562250078,7,4,"28","F02",4
"F02_12",1.40893308255359,5,4,"15","F02",4
"F02_13",1.38730161392274,6,6,"25","F02",4
"F02_14",1.7342011925898,6,6,"28","F02",4
"F02_15",1.35452002251336,6,6,"15","F02",4
"F02_16",1.45651872201009,5,8,"25","F02",4
"F02_17",1.32071361462937,4,8,"28","F02",4
"F02_18",1.43683849936394,5,8,"15","F02",4
"F02_19",1.50031437134266,5,10,"25","F02",4
"F02_2",0.737440452983902,6,0.5,"28","F02",4
"F02_20",1.49467594867916,5,10,"28","F02",4
"F02_21",1.45053284873609,5,10,"15","F02",4
"F02_22",1.71666419850064,5,20,"25","F02",4
"F02_23",1.47794936098489,7,20,"28","F02",4
"F02_24",1.39986212781277,5,20,"15","F02",4
"F02_25",1.73201207623633,5,35,"25","F02",4
"F02_26",1.40313226556089,6,35,"28","F02",4
"F02_27",1.41401166914068,6,35,"15","F02",4
"F02_28",1.47068489799687,4,50,"25","F02",4
"F02_29",1.50680517092708,6,50,"28","F02",4
"F02_3",0.21650345587797,5,0.5,"15","F02",4
"F02_30",1.71857577009886,5,50,"15","F02",4
"F02_4",1.08541457082654,5,1,"25","F02",4
"F02_5",1.04389214728923,5,1,"28","F02",4
"F02_6",0.290080745546905,5,1,"15","F02",4
"F02_7",1.13189844420592,7,2,"25","F02",4
"F02_8",1.10536916335744,5,2,"28","F02",4
"F02_9",1.01586338653161,6,2,"15","F02",4
"F03_1",0.39233384307351,4,0.5,"19","F03",4
"F03_10",1.27388648221177,5,4,"19","F03",4
"F03_11",1.36808304760729,5,4,"4","F03",4
"F03_12",1.4474908738199,5,4,"7","F03",4
"F03_13",1.35452302065111,6,6,"19","F03",4
"F03_14",1.31610728721623,6,6,"4","F03",4
"F03_15",1.25010524537732,7,6,"7","F03",4
"F03_16",1.59966046080366,5,8,"19","F03",4
"F03_17",1.50027366871527,6,8,"4","F03",4
"F03_18",1.48625676505416,6,8,"7","F03",4
"F03_19",1.6221003632988,5,10,"19","F03",4
"F03_2",0.363089833554351,5,0.5,"4","F03",4
"F03_20",1.44936704152393,6,10,"4","F03",4
"F03_21",1.24921096083279,7,10,"7","F03",4
"F03_22",1.68779715172593,4,20,"19","F03",4
"F03_23",1.57445104730308,5,20,"4","F03",4
"F03_24",1.4951869931289,7,20,"7","F03",4
"F03_25",1.41841710026187,6,35,"19","F03",4
"F03_26",1.53154219836415,5,35,"4","F03",4
"F03_27",1.50959990905357,5,35,"7","F03",4
"F03_28",1.44405688548224,5,50,"19","F03",4
"F03_29",1.25605831884841,5,50,"4","F03",4
"F03_3",0.416066818221346,5,0.5,"7","F03",4
"F03_30",1.54319628666614,6,50,"7","F03",4
"F03_4",0.522679807455703,5,1,"19","F03",4
"F03_5",1.31161065151821,3,1,"4","F03",4
"F03_6",0.574837830633478,5,1,"7","F03",4
"F03_7",1.11712117295303,5,2,"19","F03",4
"F03_8",1.04645547754258,5,2,"4","F03",4
"F03_9",1.0795765554769,5,2,"7","F03",4
"F04_1",0.810696215895686,3,0.5,"6","F04",4
"F04_10",1.38522525478777,4,4,"6","F04",4
"F04_11",1.35278208453058,7,4,"21","F04",4
"F04_12",1.3459324216149,5,4,"29","F04",4
"F04_13",1.77246974372813,4,6,"6","F04",4
"F04_14",1.3598211128426,7,6,"21","F04",4
"F04_15",1.23003509097849,7,6,"29","F04",4
"F04_16",1.43484784726219,7,8,"6","F04",4
"F04_17",1.50851974133074,6,8,"21","F04",4
"F04_18",1.38075193756228,4,8,"29","F04",4
"F04_19",1.50071784657002,5,10,"6","F04",4
"F04_2",0.683698940066467,6,0.5,"21","F04",4
"F04_20",1.59126761724077,7,10,"21","F04",4
"F04_21",1.33185350420818,7,10,"29","F04",4
"F04_22",1.48486634506876,6,20,"6","F04",4
"F04_23",1.60951827426673,6,20,"21","F04",4
"F04_24",1.67347067016516,4,20,"29","F04",4
"F04_25",1.53657323131753,6,35,"6","F04",4
"F04_26",1.67329121470704,7,35,"21","F04",4
"F04_27",1.43463236354341,6,35,"29","F04",4
"F04_28",1.34046273731463,7,50,"6","F04",4
"F04_29",1.50379017571587,6,50,"21","F04",4
"F04_3",0.622909747391737,6,0.5,"29","F04",4
"F04_30",1.44318414689827,6,50,"29","F04",4
"F04_4",1.09064730729783,3,1,"6","F04",4
"F04_5",1.08846003429004,5,1,"21","F04",4
"F04_6",1.07289771504252,4,1,"29","F04",4
"F04_7",1.11038442753768,6,2,"6","F04",4
"F04_8",1.14831850807552,6,2,"21","F04",4
"F04_9",1.10926796602742,6,2,"29","F04",4
"F05_1",0.891511086786588,3,0.5,"anc5","F05",4
"F05_10",1.48035322926854,5,4,"anc5","F05",4
"F05_11",1.54628216826965,6,4,"17","F05",4
"F05_12",1.14405086248437,7,4,"anc3","F05",4
"F05_13",1.37866786773758,7,6,"anc5","F05",4
"F05_14",1.43667435746465,6,6,"17","F05",4
"F05_15",1.16322919692047,7,6,"anc3","F05",4
"F05_16",1.41985365055024,5,8,"anc5","F05",4
"F05_17",1.45050758785552,5,8,"17","F05",4
"F05_18",1.34488816702023,6,8,"anc3","F05",4
"F05_19",1.69591053909037,5,10,"anc5","F05",4
"F05_2",0.425385092119675,5,0.5,"17","F05",4
"F05_20",1.59052185323056,5,10,"17","F05",4
"F05_21",1.14868710870826,5,10,"anc3","F05",4
"F05_22",1.55321419866097,5,20,"anc5","F05",4
"F05_23",1.57978982413103,6,20,"17","F05",4
"F05_24",1.36000309738483,6,20,"anc3","F05",4
"F05_25",1.8010321855689,5,35,"anc5","F05",4
"F05_26",1.6080414941154,6,35,"17","F05",4
"F05_27",1.41746451543788,6,35,"anc3","F05",4
"F05_28",1.69951921027072,5,50,"anc5","F05",4
"F05_29",1.48294352224833,6,50,"17","F05",4
"F05_3",0.44577512259366,5,0.5,"anc3","F05",4
"F05_30",1.38194688564562,5,50,"anc3","F05",4
"F05_4",1.05207702138868,5,1,"anc5","F05",4
"F05_5",0.920233580009503,4,1,"17","F05",4
"F05_6",0.690450759072699,5,1,"anc3","F05",4
"F05_7",1.37091571084109,7,2,"anc5","F05",4
"F05_8",1.16935611670474,5,2,"17","F05",4
"F05_9",0.854111908394229,7,2,"anc3","F05",4
"F06_1",0.650253209589472,5,0.5,"8","F06",4
"F06_10",1.28645793176837,7,4,"8","F06",4
"F06_11",-0.236267886252913,7,4,"22","F06",7
"F06_12",1.15433716468253,6,4,"anc4","F06",4
"F06_13",1.38260769934682,7,6,"8","F06",4
"F06_14",-0.175821468941683,7,6,"22","F06",7
"F06_15",1.25507920038128,6,6,"anc4","F06",4
"F06_16",1.51392646696751,6,8,"8","F06",4
"F06_17",1.4967448046607,6,8,"22","F06",7
"F06_18",1.43000884090345,5,8,"anc4","F06",4
"F06_19",1.63081666737997,6,10,"8","F06",4
"F06_2",-0.193621173160667,7,0.5,"22","F06",7
"F06_20",1.59552986051238,5,10,"22","F06",7
"F06_21",1.36375843481937,5,10,"anc4","F06",4
"F06_22",1.71231176901715,5,20,"8","F06",4
"F06_23",1.43032233100057,5,20,"anc2","F06",7
"F06_24",1.31198183893166,6,20,"anc4","F06",4
"F06_25",1.63434101503547,6,35,"8","F06",4
"F06_26",1.48168939880355,6,35,"22","F06",7
"F06_27",1.4135213659738,5,35,"anc4","F06",4
"F06_28",1.61643967846149,6,50,"8","F06",4
"F06_29",1.40189808312184,6,50,"22","F06",7
"F06_3",0.441085377498419,5,0.5,"anc4","F06",4
"F06_30",1.35079701159134,5,50,"anc4","F06",4
"F06_4",0.930893136956099,6,1,"8","F06",4
"F06_5",0.466717279847149,3,1,"22","F06",7
"F06_6",0.571645759672187,5,1,"anc4","F06",4
"F06_7",1.21340548284554,7,2,"8","F06",4
"F06_8",0.803104249096881,5,2,"22","F06",7
"F06_9",0.974417374506343,5,2,"anc4","F06",4
"F07_1",0.464080554645043,3,0.5,"32","F07",4
"F07_10",1.34333142829925,5,4,"32","F07",4
"F07_11",1.53201257154879,4,4,"35","F07",4
"F07_12",1.26216447020037,6,4,"cc1690","F07",4
"F07_13",1.40485724211708,5,6,"32","F07",4
"F07_14",1.46243920924224,6,6,"35","F07",4
"F07_15",1.39269885117973,5,6,"cc1690","F07",4
"F07_16",1.42665230428632,5,8,"32","F07",4
"F07_17",1.42094521380682,5,8,"35","F07",4
"F07_18",1.38538980433385,5,8,"cc1690","F07",4
"F07_19",1.48594285596632,5,10,"32","F07",4
"F07_2",0.858914338713752,5,0.5,"35","F07",4
"F07_20",1.51566730420156,5,10,"35","F07",4
"F07_21",1.42391593932963,5,10,"cc1690","F07",4
"F07_22",1.65489001864565,5,20,"32","F07",4
"F07_23",1.44113201449416,6,20,"35","F07",4
"F07_24",1.5932431741677,5,20,"cc1690","F07",4
"F07_25",1.74096218718387,5,35,"32","F07",4
"F07_26",1.50958977849371,5,35,"35","F07",4
"F07_27",1.52784221148106,5,35,"cc1690","F07",4
"F07_28",1.45703395936424,5,50,"32","F07",4
"F07_29",1.28278662463378,5,50,"35","F07",4
"F07_3",0.388472905966856,6,0.5,"cc1690","F07",4
"F07_30",1.7533895960218,4,50,"cc1690","F07",4
"F07_4",0.54460794868314,5,1,"32","F07",4
"F07_5",1.22633206944347,4,1,"35","F07",4
"F07_6",0.561958413912408,5,1,"cc1690","F07",4
"F07_7",1.22580629694625,5,2,"32","F07",4
"F07_8",1.25199024597012,5,2,"35","F07",4
"F07_9",1.2088050517583,6,2,"cc1690","F07",4
"F08_1",0.452278403264049,4,0.5,"14","F08",4
"F08_10",1.3751505039225,5,4,"14","F08",4
"F08_11",1.0801306027639,6,4,"31","F08",4
"F08_12",1.25440359797188,5,4,"10","F08",4
"F08_13",1.35832445057236,6,6,"14","F08",4
"F08_14",1.2819004958575,5,6,"31","F08",4
"F08_15",1.45818973141052,5,6,"10","F08",4
"F08_16",1.67452775748064,6,8,"14","F08",4
"F08_17",1.49134619050025,5,8,"31","F08",4
"F08_18",1.63194190849192,5,8,"10","F08",4
"F08_19",1.45697516909938,5,10,"14","F08",4
"F08_2",0.410833580965834,5,0.5,"31","F08",4
"F08_20",1.54147760352844,5,10,"31","F08",4
"F08_21",1.35516356039261,5,10,"10","F08",4
"F08_22",1.42628456129511,5,20,"14","F08",4
"F08_23",1.35469384954418,6,20,"31","F08",4
"F08_24",1.20394290964987,6,20,"10","F08",4
"F08_25",1.46298438231586,6,35,"14","F08",4
"F08_26",1.45994501045198,5,35,"31","F08",4
"F08_27",1.34396615126694,5,35,"10","F08",4
"F08_28",1.39363013281813,6,50,"14","F08",4
"F08_29",1.40556092120612,5,50,"31","F08",4
"F08_3",0.323092718931721,4,0.5,"10","F08",4
"F08_30",1.58767615817022,5,50,"10","F08",4
"F08_4",0.806808633778395,5,1,"14","F08",4
"F08_5",0.740128447225403,5,1,"31","F08",4
"F08_6",0.50559646553535,5,1,"10","F08",4
"F08_7",1.15990575866329,5,2,"14","F08",4
"F08_8",0.821757751605766,5,2,"31","F08",4
"F08_9",1.1976121714194,4,2,"10","F08",4
"F09_11",1.21915638816689,5,4,"2","F09",4
"F09_12",1.36370128923183,5,4,"3","F09",4
"F09_14",1.53232343598359,5,6,"2","F09",4
"F09_15",1.56693980782983,5,6,"3","F09",4
"F09_17",1.3780374932713,6,8,"2","F09",4
"F09_18",1.4457478166702,6,8,"3","F09",4
"F09_2",0.499455392265479,5,0.5,"2","F09",4
"F09_20",1.43013796581799,5,10,"2","F09",4
"F09_21",1.37935655666499,6,10,"3","F09",4
"F09_23",1.63773258620949,5,20,"2","F09",4
"F09_24",1.34716743553476,7,20,"3","F09",4
"F09_26",1.58170455758302,5,35,"2","F09",4
"F09_27",1.57217871360399,5,35,"3","F09",4
"F09_29",1.66611752933591,4,50,"2","F09",4
"F09_3",0.480209742745087,7,0.5,"3","F09",4
"F09_30",1.51495071133501,5,50,"3","F09",4
"F09_5",0.809954052750816,5,1,"2","F09",4
"F09_6",0.639580650220235,4,1,"3","F09",4
"F09_8",1.15558245174883,5,2,"2","F09",4
"F09_9",1.1759070115449,5,2,"3","F09",4
"F10_1",0.4774768920398,5,0.5,"23","F10",4
"F10_10",1.2068792080144,5,4,"23","F10",4
"F10_11",1.26429881281367,6,4,"anc2","F10",8
"F10_13",1.26779644117405,5,6,"23","F10",4
"F10_14",1.35238360224214,7,6,"anc2","F10",8
"F10_16",1.575071899822,6,8,"23","F10",4
"F10_17",1.33724791662418,7,8,"anc2","F10",8
"F10_19",1.59022981226892,6,10,"23","F10",4
"F10_2",0.509748526884376,5,0.5,"anc2","F10",8
"F10_20",1.46176802905044,5,10,"anc2","F10",8
"F10_22",1.64483108349585,5,20,"23","F10",4
"F10_23",1.58015074835653,6,20,"22","F10",8
"F10_25",1.46890920055957,6,35,"23","F10",4
"F10_26",1.55736698528402,5,35,"anc2","F10",8
"F10_28",1.55490725124548,5,50,"23","F10",4
"F10_29",1.44520508923185,5,50,"anc2","F10",8
"F10_4",0.465705376171224,6,1,"23","F10",4
"F10_5",0.776457927013811,6,1,"anc2","F10",8
"F10_7",0.834106987388736,5,2,"23","F10",4
"F10_8",0.894771108616054,6,2,"anc2","F10",8
"F11_1",0.411675884320391,5,0.5,"1","F11",4
"F11_10",1.10598623394513,6,4,"1","F11",4
"F11_11",1.20508590616098,6,4,"26","F11",4
"F11_13",1.24315478096389,5,6,"1","F11",4
"F11_14",1.38004236477112,6,6,"26","F11",4
"F11_16",1.49340538148808,6,8,"1","F11",4
"F11_17",1.3911613162655,5,8,"26","F11",4
"F11_19",1.48053732865655,5,10,"1","F11",4
"F11_2",0.344802939014923,7,0.5,"26","F11",4
"F11_20",1.5367216762091,5,10,"26","F11",4
"F11_22",1.3020894421527,7,20,"1","F11",4
"F11_23",1.60273433629331,5,20,"26","F11",4
"F11_25",1.47399182066539,6,35,"1","F11",4
"F11_26",1.46290796833314,5,35,"26","F11",4
"F11_28",1.31571559923447,5,50,"1","F11",4
"F11_29",1.45417026130804,5,50,"26","F11",4
"F11_4",0.871903858878417,3,1,"1","F11",4
"F11_5",0.649983885914325,5,1,"26","F11",4
"F11_7",0.937487443704361,3,2,"1","F11",4
"F11_8",0.86874668014309,5,2,"26","F11",4
"G02_1",0.606715195904768,5,0.5,"11","G02",4
"G02_10",1.31832157067974,6,4,"11","G02",4
"G02_11",1.18835561567854,6,4,"27","G02",4
"G02_13",1.48041512199649,5,6,"11","G02",4
"G02_14",1.34513145568864,5,6,"27","G02",4
"G02_16",1.38861241805245,5,8,"11","G02",4
"G02_17",1.29364597040374,7,8,"27","G02",4
"G02_19",1.61531271704641,5,10,"11","G02",4
"G02_2",0.0614206595800081,4,0.5,"27","G02",4
"G02_20",1.51890112040718,6,10,"27","G02",4
"G02_22",1.55954364730088,5,20,"11","G02",4
"G02_23",1.47658063279301,7,20,"27","G02",4
"G02_25",1.59131997787941,5,35,"11","G02",4
"G02_26",1.67412879420049,5,35,"27","G02",4
"G02_28",1.36698382258283,6,50,"11","G02",4
"G02_29",1.30462067520984,5,50,"27","G02",4
"G02_4",0.993823193022456,3,1,"11","G02",4
"G02_5",0.581759901136073,5,1,"27","G02",4
"G02_7",1.02780436319249,7,2,"11","G02",4
"G02_8",0.849288664828442,7,2,"27","G02",4
"G03_1",0.401568876555834,5,0.5,"33","G03",4
"G03_10",1.36157156655707,5,4,"33","G03",4
"G03_11",1.33160956786403,5,4,"9","G03",4
"G03_13",1.42992794927352,5,6,"33","G03",4
"G03_14",1.49995113104638,5,6,"9","G03",4
"G03_16",1.39752741910277,5,8,"33","G03",4
"G03_17",1.17926694963297,7,8,"9","G03",4
"G03_19",1.69046841340711,5,10,"33","G03",4
"G03_2",0.109088184884047,5,0.5,"9","G03",4
"G03_20",1.44227485196348,5,10,"9","G03",4
"G03_22",1.54691131593196,5,20,"33","G03",4
"G03_23",1.52555152198371,5,20,"9","G03",4
"G03_25",1.85253201816695,5,35,"33","G03",4
"G03_26",1.63424316819499,5,35,"9","G03",4
"G03_28",1.30427811219958,4,50,"33","G03",4
"G03_29",1.41988637914819,5,50,"9","G03",4
"G03_4",0.39971370642574,6,1,"33","G03",4
"G03_5",0.7511245081586,5,1,"9","G03",4
"G03_7",0.97148874193179,5,2,"33","G03",4
"G03_8",0.938775639279014,5,2,"9","G03",4
