"population","rep.ID","T.min","T.min.min","T.min.max","T.min.na","T.max","T.max.min","T.max.max","T.max.na","T.opt","T.opt.min","T.opt.max","r.max","r.max.min","r.max.max","T.br.min","T.br.min.min","T.br.min.max","T.br.min.na","T.br.max","T.br.max.min","T.br.max.max","T.br.max.na","a","b","tmax","d.t","a.mod","b.mod","tmax.mod","d.t.mod"
"25","25.B02",8.13613460800096,3.02199281538015,11.3333834827909,0.0015,40.2146903539067,39.889891795737,40.5546646640843,0.000166666666666667,32.6212305184441,32.1951346405738,33.7825876716223,4.34983321289065,3.9102321800256,4.78716721035976,20.9298522477196,19.589498651203,22.6960366664424,5e-04,38.4521675078645,38.1935233607884,38.9648690867402,0.000166666666666667,0.0707945144130867,-1.72629349428123,41.1937749729072,5.60440196121814,0.0692886855109043,-1.67844892019552,41.1562857744446,5.36779969668851
"6","6.C02",4.79422446046498,-10.3566326180947,14.6790961415557,0.0065,40.1583288835643,39.6355901968376,41.324640040888,0,35.0573108290145,32.3195936785843,38.2804329398699,4.30423888735437,2.82667259981167,5.61061368920709,23.421826420207,18.0326015099851,28.0177163322049,0.000833333333333333,39.1854430135057,38.1576952671835,39.9349366445436,0,0.0524055836731266,-1.28350635577256,40.6113187438861,2.34915080937941,0.0534758281303353,-1.31261299563861,40.7782900545881,2.63544227979649
"24","24.D02",5.42133721163202,2.72111281758797,8.26150724774739,0.000166666666666667,40.4508673212973,40.2816205099788,40.6542768448077,0,33.9116442650492,33.0679787167739,34.5971179937462,4.01171063491851,3.7958849235648,4.21311596277776,21.8093371093336,20.6848124828987,22.6461149914383,0,39.0050381221021,38.7894538323226,39.2067501432323,0,0.0562423038100287,-1.35595685037903,41.1294737387871,3.60832826917987,0.0564682370937302,-1.35912466448045,41.150202766081,3.66468263568176
"1","1.E02",6.8400827695283,-1.62922149296268,15.3576603892766,0.00633333333333333,40.1887483230388,39.7357084129867,41.1750584806621,0.000166666666666667,34.7665605656414,32.1706211046463,37.5882823533501,3.91037393157809,2.81052212613615,5.00581109710162,23.3365742685269,19.1001745026634,27.4975916633558,0.00133333333333333,39.0822281963356,38.2742975061492,39.8483051773284,0.000166666666666667,0.0521805045295136,-1.4282070741487,40.769924843167,2.62871804292846,0.0529432726609706,-1.43940184204494,40.8762529522956,2.83129796248217
"25","25.F02",6.33294333160738,-6.80738563242385,13.9640241654717,0.00566666666666667,40.100021001046,39.5001034100555,41.0194012447453,0,33.7621960526308,31.827579663152,36.6382029490217,4.05979721652443,2.89956405425019,4.99940280652502,22.062744657029,17.8636746659867,26.3342502279587,0.001,38.7532944332056,37.9085992899464,39.7422402821343,0,0.0567346502264002,-1.42938921905995,40.7841256892634,3.53162895636057,0.0570601357058697,-1.42085352794077,40.8479628115456,3.57341705447815
"11","11.G02",5.07027343839689,-8.45050677827497,15.360762791796,0.0106666666666667,40.0682461743367,39.355050612964,41.1216228039074,0,35.0586444253498,32.1661025319218,38.4915576940878,4.17068654708185,2.85689819511556,5.65607315812361,23.4839753193895,18.1077150756591,28.2979255668032,0.00283333333333333,39.1048820185416,37.9583967106831,39.9315935255611,0,0.0517068474749145,-1.29607481000855,40.5099506905773,2.270055443113,0.0526777431941737,-1.32088354737548,40.6692845435462,2.57600925373382
"28","28.B02",7.59163401741752,-4.35171690164994,14.1859999238039,0.00383333333333333,40.268749409249,39.6584864173136,41.0470641487343,0,33.6998451045219,32.1963379309329,36.0183091038808,4.94937966417577,3.73186675585981,6.01461957428908,22.3173520893344,19.0063288531393,25.7094988176392,0.000666666666666667,38.8297866526935,38.2042429248511,39.7582663425768,0,0.0645140489442907,-1.62652726872379,40.9584096119598,4.0138119305125,0.0645033707088881,-1.59697270142554,40.9883251823368,3.98089033944517
"21","21.C02",5.84023409108211,-9.63562433610632,14.2256150140107,0.007,40.2271725978222,39.5440755596018,41.1451620297057,0.000166666666666667,33.052183484873,31.6965079915967,35.407754621259,4.76317903059359,3.6430017525575,5.81158406193378,21.0641505068237,17.4385565446653,24.5758387799658,5e-04,38.617525087276,37.853134808838,39.5841260997182,0.000166666666666667,0.0665960337630591,-1.4617418875307,40.9426109316224,4.74712723599127,0.0656860763187439,-1.41211737046268,40.9497825045583,4.5416125936099
"18","18.D02",5.4730094117257,-8.33267123209873,13.1788692498757,0.00583333333333333,41.0442164393007,40.1856603314427,42.0133349257781,0.000166666666666667,33.5258848656539,32.2543941380507,35.7325204555431,3.51487109015844,2.79565387974848,4.20347793942735,20.8442123794027,17.0052656853112,24.3330797128661,0.000666666666666667,39.3719860012747,38.6538322456114,40.310720263988,0.000166666666666667,0.0562067759768913,-1.35304280565526,41.9664695981775,4.70237023583984,0.055418515400571,-1.31364608561355,41.9310063217334,4.50301678532271
"26","26.E02",7.76999426092544,-7.98551273240659,15.764801229614,0.0095,39.9291207768273,39.1092085416425,41.0124269412446,0.000833333333333333,33.031751172007,31.2700676440477,35.9425180137131,3.80556293945049,2.55466097572135,4.82590708309167,21.4630871193027,16.6529833199292,25.5395698564265,0.00316666666666667,38.3950253300649,37.5636084571369,39.6949983139139,0.000833333333333333,0.0597470363794685,-1.58231386457298,40.8162588492443,4.3005667446885,0.0589149167375607,-1.53564957680781,40.8434334248585,4.1948613398509
"28","28.F02",7.04683595654768,-2.36399280266349,12.536422560096,0.00366666666666667,40.3887603559233,39.8367472939516,40.9845800192482,0,33.1521501926496,32.0775663193135,34.8886264053221,4.20149557394071,3.42783846222741,4.85334171928487,21.2588395340857,18.6976737629751,23.7924649635621,0.000333333333333333,38.7551845291736,38.2498607038435,39.4741980598087,0,0.0634790379044445,-1.55094285591761,41.2519583386345,4.74331705862331,0.06284355497989,-1.51243928808118,41.2397521521665,4.6102921989377
"27","27.G02",2.00612651298395,-13.1700387442373,13.8868920044986,0.0165,40.0138453043534,39.3391829684511,41.0206001115056,5e-04,34.2123027758756,31.2280177166596,37.7644586035759,3.31915356600029,2.33560495782372,4.35712194833067,21.5283928185034,15.7067201115299,26.7090818338894,0.002,38.8528343530409,37.7539317113529,39.8266096504411,5e-04,0.0469912261437416,-1.09282218989881,40.5450649166904,2.73156948940696,0.0478133917373785,-1.11732003637495,40.6826555530946,2.93199015356222
"15","15.B02",7.18330190957964,-10.4943197890575,16.5284473629525,0.0105,40.3264394208684,39.5186518174396,41.6429975982978,5e-04,34.0522168509374,31.6541135540202,37.0388602365084,4.20178643720294,2.79718655797496,5.64191568374161,22.4838217595041,17.4552443624507,27.8987810654135,0.00183333333333333,39.0155273654403,38.0172652125632,40.2070606438049,5e-04,0.0574711326791656,-1.50464062281771,41.0366258380774,3.55823804219865,0.0574167810089837,-1.4787944029082,41.1047344074986,3.58101846758689
"10","10.C02",3.82563077729491,-16.8227361831147,14.5848823834397,0.0173333333333333,40.7325510985792,39.8662081776006,42.07985229336,0.000666666666666667,33.3047634246418,31.3506089917648,36.1816868050431,3.11480744731658,2.21559910282299,3.91225024863257,20.2026497272406,14.0107022526593,24.9266982676111,0.00266666666666667,39.1208246343192,38.1229096995709,40.3802685917682,0.000666666666666667,0.0513271379399869,-1.20880938200984,41.6482728131068,4.40733176166997,0.0505797282754745,-1.17404557035109,41.6391780105733,4.22390711298121
"29","29.D02",5.8115018563817,1.46175666135602,10.038500427146,0.000833333333333333,40.3691843900136,40.1243937949408,40.7211868352935,0,34.109046220989,32.7223341630979,35.2103961174014,3.93774785866177,3.52996438490926,4.31876600387779,22.1704101247764,20.2153835287083,23.6977021968782,0.000166666666666667,39.0004925981337,38.6411760408397,39.3770735896429,0,0.0548587960167126,-1.37452680456911,41.0330992083603,3.33236743633385,0.0552561442728597,-1.38255821699965,41.0705270462554,3.43250550755986
"anc4","anc4.E02",5.19912811693649,-6.97331611551171,10.4770300454811,0.00416666666666667,40.4254099631396,39.8538159634885,40.9710706875295,0,32.5710268381945,31.6728274819536,34.3652794691264,3.41682650954132,2.81436244849616,3.88844053513934,19.8563123104585,16.8434889919772,22.7256585698983,0.000166666666666667,38.6387212102309,38.1200851220224,39.3840940352536,0,0.0591868542110496,-1.34767629576442,41.4131121803894,5.23659914556469,0.0579725959316761,-1.3006959641341,41.3755515472363,4.99396529519356
"15","15.F02",5.06429428471922,-6.66743100265563,11.8029572503864,0.00483333333333333,40.2679941612374,39.8115581276432,41.0032797449185,5e-04,33.4632007913539,31.9083903656318,35.7416090177024,3.51926646971261,2.806326426575,4.16377375190676,21.0955516197614,17.7314343997142,24.5085500833782,0.001,38.7841645250322,38.1355224143465,39.5503901520825,5e-04,0.0538384028333501,-1.31216208983691,41.049939935576,3.83686780886127,0.0539164617189156,-1.3025030481888,41.0871342313185,3.87209678018042
"19","19.B03",7.24312491147127,-3.80494222730698,14.1789612040232,0.00616666666666667,39.9994566345314,39.4756465695584,40.6820566944653,0,33.6703180376908,31.8070606151362,35.9574498987998,4.31470588223688,3.36332981145409,5.37058153571939,22.2361448335706,18.7748216755677,26.0425984176178,5e-04,38.6172404020299,37.906092560304,39.4627158524463,0,0.0594377532354369,-1.53728727735678,40.6907523119894,3.61888140135897,0.0597313897910634,-1.52391912958829,40.7444401257192,3.68171194681864
"33","33.C03",5.64950030807948,-9.97979182799632,14.9340528843287,0.00866666666666667,40.187852281683,39.5134310832608,41.2688206339883,0.000166666666666667,33.4148978771449,31.5957124830919,36.2397773784756,3.90686776673888,2.74200367766073,4.79630453399164,21.3480765697768,16.611169566242,25.2143855009735,0.000833333333333333,38.7252876048988,37.8495632392186,39.7722556885848,0.000166666666666667,0.0573005959778002,-1.37583095443049,40.9399783805521,3.99708024951651,0.0571475796396787,-1.35708304372313,40.9805679114331,3.93240577629407
"8","8.D03",8.10599189528647,-9.01752510877299,16.1115725209216,0.0131666666666667,40.2131575588306,39.3239528981289,41.5832173802334,0.000833333333333333,33.7906443579009,31.4269660792307,36.9658676331518,3.80031008081723,2.32671618649123,4.98513716822621,22.315450851477,16.4888030273646,27.0686983217937,0.00316666666666667,38.8571490821068,37.7265635746787,40.0498210642417,0.000833333333333333,0.0561772021450738,-1.56862916666591,41.0249503665346,3.71003804302712,0.0558951099211536,-1.53147987865494,41.0935342436026,3.68841612971366
"25","25.E03",6.036750594328,-5.04832327712638,11.3249245776642,0.005,40.2974650619217,39.7978420021958,40.8827866535025,0,32.7438483627729,31.9094840710541,34.8439088617798,3.78822215365537,3.18434069134512,4.38223445430451,20.4405810651553,17.68087241315,23.4250346149071,0.000166666666666667,38.583644500883,38.0715445470024,39.3536383590104,0,0.061662564291262,-1.43846692063919,41.2128059801565,5.00649711192126,0.0606165644115502,-1.38623218623166,41.1803062420502,4.7936913878325
"19","19.F03",5.63642863184167,-2.88629380912742,13.4890952384523,0.00433333333333333,40.100644174426,39.6745195349501,40.8086048809541,0,34.354533423472,31.9854950912102,36.6758562211742,3.84002892985496,2.93207769708819,4.71982404431642,22.5839899280262,18.5942176455682,26.1204952634339,5e-04,38.8946018612292,38.1671774177647,39.6869943965066,0,0.0524221405802656,-1.34300543636294,40.6951056265565,2.8514659472527,0.0530455953004918,-1.35186291036623,40.7775701026126,3.02584536471118
"33","33.G03",4.39472908252153,-0.25623248169115,11.3499938130673,0.00233333333333333,39.9767647815678,39.6883072356213,40.2295123088211,0,35.3446897928852,32.7100450766276,37.9272108892331,3.98280434308904,3.17487088635433,4.7462769775418,23.6640535459348,19.8524948444188,26.7079896375852,0,39.0335058343239,38.3388598019023,39.739465413728,0,0.0495823938906438,-1.24315475988385,40.3715812094033,1.94482118961915,0.050195928531533,-1.2594339087124,40.4257009126824,2.10351023163017
"4","4.B03",6.38673750866225,1.00795874476648,13.0368210183782,0.00366666666666667,40.0673800299852,39.8137209115712,40.6366123108906,0.000166666666666667,36.6683040727531,33.1208104241727,39.1010301771934,4.44328440738681,3.26476193204766,5.60771526174126,25.7145307908829,20.8101409057123,28.7179133449408,0.00116666666666667,39.4386097838035,38.6545175197721,39.9275656136409,0.000166666666666667,0.0498096208536148,-1.3742454595602,40.3434569917234,1.24125655882258,0.0504380850551077,-1.3904579747884,40.4758120662751,1.56569163426226
"9","9.C03",4.81727848457567,-10.022385716388,13.3236224200534,0.01,40.0228635293264,39.4332963067836,40.8253444528139,0,32.3974459485441,31.2171909481156,34.7316332811617,3.82954079281977,3.02376236784506,4.66388021580985,19.9234337960108,16.1561464575259,23.3675524253179,0.00133333333333333,38.2970934293579,37.6446500192991,39.2793256683159,0,0.0622366072072335,-1.33335841805587,40.8725925662686,5.04776818384374,0.0607255483631569,-1.28575467706734,40.8604054994321,4.79884275322462
"22","22.D03",4.99596633662388,-11.6229496063852,14.6718232931767,0.009,40.0505963481196,39.3874672233683,40.9595297621853,5e-04,33.275747936514,31.483545770115,36.2481129066627,3.92373492150253,2.79211068280003,4.95322541868735,21.1449404876941,16.008880574841,25.1886546056001,0.00233333333333333,38.5878707152782,37.7736194266367,39.6705099443666,5e-04,0.0571734413361366,-1.32676391433145,40.7694252926,3.93546652648117,0.0570094397648417,-1.30882238490494,40.8136297166275,3.89936267515262
"28","28.E03",7.38155592720739,-6.31606353276898,14.400342289667,0.00683333333333333,40.3721916417832,39.7165169327686,41.3322417211988,0.000333333333333333,33.115303764525,31.8182680553849,35.307072339867,4.13982408393049,3.22037253887541,5.10270058019306,21.2652338006396,17.777915829271,24.8389613643469,0.00116666666666667,38.738648871505,38.0977763869378,39.770572405226,0.000333333333333333,0.0634147118874507,-1.57777693645951,41.2600537155909,4.81637417422644,0.0624881615896728,-1.53287834383295,41.2574733031087,4.6204183738763
"4","4.F03",5.49163936479482,1.56204410580689,9.6974725621644,0.001,40.2714548515584,40.0499970972733,40.5969688441393,0,34.8496932797278,32.9152790780917,36.1050462035226,3.88944308324318,3.34205558459103,4.3132610429746,23.0949221350717,20.678748249547,24.9019199971976,0,39.1284557562531,38.7526246722982,39.5535841821065,0,0.051398849234072,-1.32595121254072,40.8104332581534,2.55356207782273,0.0517891258796437,-1.3352408924515,40.8605918849178,2.66861022813094
"9","9.G03",4.81941451207906,-16.1515491080345,15.2151229381021,0.016,40.3076882617936,39.3301901965697,41.6109240302558,5e-04,32.7279391905881,31.1596392370653,35.5113889980165,3.44494441290959,2.28485630482748,4.3261067211854,20.0380600810563,14.562977213155,24.9631778833944,0.002,38.6184354596571,37.6838194586668,40.0148690622153,5e-04,0.0572391291055331,-1.30464029255725,41.2244450891674,4.85285508939749,0.0559212868691652,-1.2565287337424,41.2318196425772,4.61079079554049
"3","3.B03",3.63061915682935,-21.3280210174414,14.4810152242872,0.016,40.250869573563,39.1997394647157,41.5984200929865,0.000833333333333333,33.0589227945676,31.0128463341649,36.3139668308424,3.86149993963223,2.52092561034383,5.01740800759866,20.4521204640878,14.2413456092229,25.1792288400101,0.00233333333333333,38.6887047358785,37.6121804374694,40.1153643021935,0.000833333333333333,0.057748078607706,-1.22017520764893,40.9916023172557,4.41626969033961,0.0568406543052358,-1.19851244477019,41.035521857276,4.20310121949884
"30","30.C03",5.11193442905501,-3.69867576003365,11.2321004750922,0.00383333333333333,40.2009202648153,39.7938008683208,40.8185003644352,0,33.6006437509576,32.0856185553902,35.3177065189656,4.0182309798527,3.40407950799614,4.7271466729583,21.4921967397046,18.6983605624244,24.2726721498021,0.000166666666666667,38.756348001684,38.1634897246062,39.4320111234952,0,0.0569071627537378,-1.33634340839201,40.8838752605178,3.69887900096135,0.0572749978914304,-1.33504444333344,40.9277159370347,3.793944641155
"20","20.D03",5.62411198509527,-16.9971202476867,16.6473463651766,0.0185,40.250417493662,39.3256217967976,41.9306784753744,0.000666666666666667,33.2800658773189,30.9900340538755,36.7122974397495,3.54998028934134,2.22212491656577,4.77692112710156,21.0083839742915,14.0542206481179,25.9497156950515,0.00366666666666667,38.7549285387477,37.6025536270327,40.2534788851711,0.000666666666666667,0.055232247300003,-1.35188114669718,41.0881000251038,4.18929747157961,0.054327443948866,-1.3181221296153,41.141062427085,4.03577126994869
"30","30.E03",0.73735565523165,-31.851287231859,14.3009894474513,0.042,40.2514156923571,39.0779424093496,42.2546623629928,0.000833333333333333,32.5692423126368,30.4307893708787,36.2424280040519,3.61864184699226,2.06200683954972,4.90664302436939,18.972206254851,11.6986248250839,25.031134893885,0.00433333333333333,38.5606923196111,37.2018585515362,40.4122537432712,0.000833333333333333,0.056357513989291,-1.01629168551271,40.9593823390896,4.81397240663138,0.054939510546741,-1.01217108856062,41.01945161332,4.51325201054223
"7","7.F03",6.1369715118974,-11.4539249835363,15.6288019763511,0.0113333333333333,40.1588123711091,39.3655951121056,41.6121381066259,0.000333333333333333,34.4133861992514,31.5359501201863,37.7435796351724,3.71759415292049,2.35218289835452,5.09552965107747,22.6781886374198,16.4085094210665,27.6392560280765,0.0015,39.0068402697169,37.7320709528573,40.0614737191978,0.000333333333333333,0.0517285985980551,-1.36805907755545,40.7931469927651,2.91757853099694,0.0520864655091487,-1.36833906975854,40.9244476650177,3.08702892194082
"14","14.B04",7.64250349172714,-7.73038426412985,15.3867492903044,0.009,40.3527219547053,39.5382975005231,41.5063335619813,0,33.4633346059227,31.7458110457933,36.0792874765688,4.54022214377435,3.14034305501268,5.77939878912271,21.8921735951459,17.7505120404748,26.3240471841763,0.001,38.8364768358458,37.9159734622439,39.9029774263806,0,0.0638459699515452,-1.61675783896329,41.1404721535722,4.43433606954161,0.0630427463621797,-1.56228005641821,41.1685828787189,4.26431740812523
"32","32.C04",4.75663505897768,-4.20068892284828,11.9304178302465,0.004,40.136878270411,39.7015559026982,40.6540494659465,0,34.1326277202917,32.0421836918246,36.2567395628195,3.93054512602718,3.2351052716412,4.73720654721641,22.1104830637879,18.8302304814207,25.1950626527192,0.000166666666666667,38.8597265433467,38.1641943524674,39.5170805850629,0,0.0535422819553788,-1.29036746861797,40.7325596238378,3.05877175950392,0.0540557373105849,-1.29497284737891,40.8014654277776,3.20437922810939
"19","19.D04",5.80258232099401,-9.00800647639643,15.5816901507286,0.0101666666666667,40.1589896020844,39.3686596803933,41.202014368222,0.000333333333333333,33.8791847085912,31.6935182235859,37.1942438916219,3.57774438261479,2.46849967427882,4.55618316906538,21.8918468378774,16.4173936411228,26.5955427159874,0.00183333333333333,38.8433921522233,37.8577205157215,39.8405051731652,0.000333333333333333,0.0524308003508054,-1.35345646963208,40.8748137784017,3.36887708892623,0.052635020488841,-1.34352246291712,40.9548161262145,3.44615041161998
"6","6.F04",6.51844768124789,0.444583007295654,14.1238523210653,0.002,40.1226374589957,39.7825883374232,40.7812379441339,0.000166666666666667,35.2825202290468,32.5279858001592,37.9840460725729,4.0134736880915,3.02988127244756,5.07291288249235,23.9622122882992,19.9060168668242,27.7866191399785,0.000833333333333333,39.1471916066584,38.4000549248749,39.806135707397,0.000166666666666667,0.0510302559496809,-1.39445987288085,40.6057165253809,2.16038556010806,0.0518308339543482,-1.41192578414716,40.7030619530477,2.38817447821971
"31","31.B04",7.79377060735821,-2.67226313738677,13.928026790057,0.00416666666666667,39.9352395986791,39.378350557459,40.5110744892489,0.000166666666666667,33.3139807628016,31.7170002851425,35.3081878016181,4.56221004970807,3.54799676083447,5.3916464600199,21.9718492664604,18.7249737108596,24.8840231132436,5e-04,38.4576356689536,37.7367727300042,39.2447017893582,0.000166666666666667,0.0634667872365415,-1.63353243129069,40.668247149014,4.03912302409921,0.0634661691809507,-1.60276065043854,40.6898571940386,4.04153827376798
"35","35.C04",4.72254422161223,-0.194130707498831,9.76655677114719,0.00183333333333333,40.5440387608826,40.114854517476,41.0823281069538,0,35.0976586321913,33.0807287248385,36.5159693735138,4.18992670113435,3.53868432296004,4.74659618088436,23.210820421569,20.5315996337972,25.3973142823902,0.000166666666666667,39.4011014260907,39.0322815455477,39.7870886411537,0,0.0525022396971143,-1.2818036615581,41.0352244457364,2.56843937975284,0.0529735116260461,-1.28895695045137,41.1019759487003,2.70978276599638
"4","4.D04",5.42044361237798,-8.17574252174042,14.3019827067487,0.0095,40.2499718218561,39.5143139118472,41.184187986947,0.000166666666666667,33.6536181588934,31.8170139803067,36.5528447616805,3.59362816637804,2.64692491768495,4.45615074367693,21.4517727278973,16.6297734576414,25.503520035345,0.00133333333333333,38.847938792126,38.0722758264922,39.8695936673402,0.000166666666666667,0.0535266814115931,-1.33241487635107,41.0009740213373,3.65600187872945,0.0536875058775411,-1.31567779811042,41.0569143880983,3.67923314129601
"2","2.E04",6.71564615742125,-15.2091046695611,15.4514428166581,0.0145,40.1077187054339,39.2565627094119,41.5163761484039,0.000166666666666667,33.2988154048227,31.1956289659152,36.7221726302507,3.94145202089364,2.32652069970567,5.23156975761016,21.5221321680356,15.3405592196873,26.5891520806667,0.00233333333333333,38.6525273952837,37.4435158264736,39.9093036641873,0.000166666666666667,0.0585729433536015,-1.46878106074398,40.9090181917328,4.13197866931316,0.0578012356879577,-1.43309794672159,40.9560610117761,3.99647347295594
"21","21.F04",6.83253128105851,-2.51493606137104,13.3074101438549,0.003,40.2243406013493,39.7897952779405,40.8934152759116,0.000166666666666667,33.8484262642852,32.2349763539112,35.7275407556463,4.77925940343331,3.75946512789788,5.6394664253851,22.3299542293703,19.2391746344283,25.2871573316261,0.000666666666666667,38.8315843730293,38.2131832126776,39.5450582262722,0.000166666666666667,0.0619119328829204,-1.52514105156453,40.8706435945113,3.68251436370211,0.0622833344422502,-1.51342253527672,40.9148528673947,3.75913117399293
"cc1690","cc1690.B04",3.65928059386261,-18.4133207386797,13.4671288771257,0.019,40.3424853160724,39.3698468635837,41.61742443959,0,32.7082236467139,30.9313147484194,35.9828314473593,3.0103821441546,2.0905036853781,3.85320767719419,19.61385882469,13.9618789972344,25.2855277416776,0.0025,38.6748972259452,37.7320960144446,40.0588528563265,0,0.0521587495982517,-1.19894497044127,41.2982433187658,4.67152698209696,0.0510310674938913,-1.16167326740095,41.3074868666332,4.42621297188188
"5","5.C04",5.97283791829,-8.87441113146419,15.8285024074535,0.00983333333333333,40.129497470614,39.3188907572724,41.1614041269095,0.000166666666666667,33.696701698158,31.470872189079,36.6184301901601,3.75177819991697,2.55205769289764,4.88695022046071,21.7885190879928,16.1316441213256,26.0081604020415,0.001,38.7652651651862,37.8326119475315,39.8211336077782,0.000166666666666667,0.0546156981739493,-1.38209173362642,40.854234077754,3.5721913064571,0.0547478483211218,-1.37420179126292,40.9291598115954,3.60292912421788
"anc4","anc4.D04",5.32892906228985,-17.2852421858097,15.3979309251189,0.0145,40.3624048612851,39.2809254780294,41.667055909501,0.000166666666666667,32.8986469636941,31.2416895880809,35.8300025527785,3.71671460892799,2.4877353662919,4.76855545292213,20.4367516303321,14.2306706670281,24.6307690591451,0.000833333333333333,38.7004318623075,37.676186115524,40.0695329450969,0.000166666666666667,0.0593357681383034,-1.35702449371728,41.2379317703906,4.80942914360061,0.057933162121621,-1.30156079918332,41.2453402501903,4.56542641237394
"16","16.E04",4.23078810732074,-11.2255735255101,13.6615011512343,0.00966666666666667,40.2238151286606,39.6120013513755,41.1189327730978,0,33.5156063329895,31.6722343265549,36.0656224012281,3.94885893382907,2.86891698721442,4.87178809659563,21.1830713746157,16.9064048780472,25.2017324390929,0.00166666666666667,38.7804167451943,37.9782834374419,39.6747324792989,0,0.056239769078182,-1.26447235664978,40.8945666199289,3.78734239197989,0.0561856906523752,-1.25143537054059,40.9386593976432,3.79806988848767
"29","29.F04",6.81725822281824,-4.21501238800231,14.8556656656076,0.00666666666666667,40.2964905444723,39.7152086363257,41.2654498971144,0.000333333333333333,33.9250067268095,31.8763685695409,36.4166155634081,3.75811885003853,2.74991799032136,4.67432531264522,22.1603915148395,18.1656382735886,26.0205006836836,0.00216666666666667,38.9451996512859,38.1441787906253,39.8073026956965,0.000333333333333333,0.0547250859806709,-1.44995680442607,41.0562436476477,3.53166593200181,0.0549570125881411,-1.43876526571863,41.1207417386366,3.5976892549883
"8","8.B05",7.77610203648731,0.701976271194153,15.0847553730166,0.00333333333333333,40.1311446582759,39.661178438255,40.8607908895223,0,35.1630642965548,32.5177258323331,37.8441716042109,4.34667278811032,3.24421054529372,5.66908498315915,24.2067534542491,20.2199664725921,28.3460200447056,5e-04,39.1266208322103,38.3050915935577,39.8192280674043,0,0.0539495638946412,-1.52188788089077,40.6382278974413,2.31014484902524,0.0547088677220258,-1.53553299305204,40.7521381247909,2.54228110672918
"25","25.C05",6.70861471657342,-12.7807261677974,14.3996045703099,0.0115,40.2311244119323,39.3342872829701,41.5137753020493,5e-04,32.7608639890716,31.3567766969762,35.5107060342739,3.98758381711833,2.72022920829814,4.95008303163198,20.7109332335478,15.9296165832762,24.9918589599236,0.00166666666666667,38.5425914113151,37.5816986946896,39.8242728616863,5e-04,0.0637185654844219,-1.51161475096972,41.1388416495175,5.09521832989403,0.0618352001317585,-1.4390560976545,41.1388955657878,4.7718848219342
"33","33.D05",5.25660082232441,-6.03045827344414,14.7255256070617,0.00466666666666667,40.1990639474708,39.5913867789613,40.9491595946728,0,34.2231218978328,32.0692199485708,36.9164994509801,4.05134751788186,3.04912112531787,5.01098131713089,22.3334551198937,18.3546709043053,26.3877818103603,5e-04,38.954008236485,38.1533530595789,39.7252059121212,0,0.0543404183062638,-1.3297756505626,40.7986626106266,3.09602481094188,0.0549927871619688,-1.33425191022139,40.878543896879,3.2328992769313
"23","23.E05",5.27253026803998,-9.05623479255315,13.4657772636495,0.00583333333333333,39.954153488904,39.3861753273256,40.6985051788839,0.000166666666666667,32.8040898406806,31.4005608266537,35.4569030430704,3.96842756530759,3.1192232337157,4.82211848399385,20.625862778986,16.6740006757173,24.1620661691468,0.001,38.3578360093422,37.7193571825482,39.391701569067,0.000166666666666667,0.0603869576688394,-1.36725820110337,40.7347405778873,4.44701057503868,0.0598553442206448,-1.33749280728807,40.7427257674641,4.31048828966779
"anc5","anc5.F05",6.10973765155646,-5.21746727081445,13.7694971277549,0.00433333333333333,40.3064216579189,39.7621261940304,41.10865854936,0.000166666666666667,33.960050779554,32.2515185199536,36.3650431903327,4.46108361618864,3.38204961510345,5.33858913977033,22.2351572751809,18.2529488811517,25.4328864441619,0.000833333333333333,38.9401668962263,38.2922861919027,39.8145957117246,0.000166666666666667,0.0589750577434739,-1.43064170562507,40.9481399775499,3.55753008013643,0.0593671006049279,-1.42692213350033,41.003502247372,3.64592196167151
"22","22.B05",4.36204583730915,-8.42035056822488,15.013253603531,0.00633333333333333,40.0647305027215,39.4780868943862,41.0359230076566,0,34.5426162155559,32.0120737561972,37.621897735719,4.733214222862,3.35993915108409,6.12415055522254,22.8748440487268,18.1956485711455,27.5896971433532,5e-04,38.9455380781365,37.9948005519684,39.8261077926697,0,0.0564736774678835,-1.27557290675993,40.5128549204553,2.726712023057,0.0575878765740521,-1.30644057619902,40.6320137975936,2.95067158090135
"28","28.C05",5.73522854355106,-12.4529612479419,14.6750247404968,0.0125,40.1486848530149,39.3547334453824,41.4193144615913,0.000666666666666667,33.5517574945955,31.2732443403662,36.7108740823994,3.94270003240627,2.6165978877691,5.14306318811244,21.5718511064899,16.1382593181046,26.0281669549989,0.00216666666666667,38.7482800016828,37.7676503003206,39.9368722046074,0.000666666666666667,0.0566133599236755,-1.37745085551119,40.8573025165673,3.8010614701652,0.0564837551330021,-1.35614592347778,40.9301722932692,3.77143380423288
"9","9.D05",5.15102600224678,-9.55487524303958,14.4835418584833,0.00833333333333333,40.11071093288,39.4170366274243,40.9781060804744,0.000333333333333333,33.2393027440084,31.4674776860996,35.8407950340798,4.03025583925332,3.03056428858757,5.09622433611344,21.0866362559944,16.6734682287221,24.953265439462,0.000833333333333333,38.6209857121606,37.825625204278,39.6426976814185,0.000333333333333333,0.0584798336714627,-1.34499478747085,40.827457181813,4.07388810894652,0.0583661886481627,-1.3243272420009,40.8796417612409,4.02005558589082
"anc2","anc2.E05",3.62439666355863,-9.86767544887524,14.6904031934572,0.00983333333333333,40.124151204553,39.5781614084064,41.2038710923981,0.000166666666666667,34.7191910474906,31.8623702392397,37.8477391179039,4.15642610591706,2.88560378910516,5.37856655623057,22.7217945734901,17.4571886769263,27.2749754984706,0.00133333333333333,39.0540696899272,38.055982039836,39.9130373325839,0.000166666666666667,0.052083540605681,-1.20453434335465,40.5906552734778,2.55410528994652,0.05306805437687,-1.23051621158898,40.7150967692755,2.777019734652
"17","17.F05",6.52258457578596,1.89069561945665,10.610928187951,0.000833333333333333,40.1826933882063,39.9686198686738,40.482137395953,0.000166666666666667,34.5963196911188,32.9581104225844,35.8215778576148,4.80553520061141,4.23602978267767,5.34923285147125,23.3178059077577,20.9389372195335,24.9783581722697,0.000166666666666667,38.980405336299,38.5350971258131,39.3493060380214,0.000166666666666667,0.058222483299552,-1.46188997150708,40.6961147673964,2.82501987599419,0.0585943392150731,-1.46483904641365,40.7347466968101,2.93737185427258
"16","16.B05",4.942401515148,1.38001079140256,8.22832551662379,0,40.2747052095935,40.0345103094295,40.4832216126818,0,32.8353993362573,32.1594642461286,33.5868464291668,3.61613503646266,3.36517142663964,3.83247601357458,20.2741492945525,19.1363007872689,21.3955798242751,0,38.5897880559719,38.3144635651941,38.884056368964,0,0.0582471203997379,-1.32903486244375,41.1363212492379,4.62814499616147,0.0583241003278295,-1.32465736848048,41.1394792289852,4.63674732544941
"cc1690","cc1690.C05",7.02866776833032,-4.96810497251889,13.1532405114958,0.00633333333333333,40.2391937224255,39.6173268901604,40.9786308533775,0,33.2162851978542,31.7059241369338,35.5979546141049,3.6638809352667,2.81520788257133,4.39728410776008,21.2852843937924,17.7340121210004,24.7742207312561,0.000833333333333333,38.6825184618946,38.0555310549886,39.70246800565,0,0.057860759274441,-1.49779079324291,41.1317225017996,4.30305243129262,0.057490161408065,-1.461773776165,41.1427994236575,4.23034082684172
"10","10.D05",5.52912286736783,-8.77589735606583,14.339176648153,0.01,40.195644259983,39.4742062331913,41.1142299164169,0.000166666666666667,33.59181060804,31.5149658499253,36.5084735367968,3.60415968218839,2.54084594186033,4.55609332570176,21.4716875406023,16.9116596570733,25.8693671960053,0.0015,38.7834260957357,37.9383569909462,39.7950330080793,0.000166666666666667,0.0539466994863231,-1.34339265731554,40.9445732127508,3.69227984802225,0.0539472064120652,-1.33017535648388,41.0020590360434,3.70788208795322
"cc1690","cc1690.E05",6.85604200361538,-7.09840212603525,13.4328501746012,0.00583333333333333,40.265792546159,39.418628902984,41.1425572818729,0,33.0721499609131,31.664408841016,35.4766178404733,3.46839884122608,2.61553534141829,4.23148650840828,21.0087999093512,17.0194502072985,24.735108783127,0.000833333333333333,38.6669380388556,37.8964216811569,39.7288806594588,0,0.0571311748260334,-1.46923335200625,41.2221606953487,4.51212732868499,0.0564004973915051,-1.43291289032857,41.2316479828176,4.36683795286149
"anc3","anc3.F05",5.1642705105136,-4.93682034302164,13.175880066097,0.0085,40.0169971023996,39.5395653505094,40.6212932759336,0.000333333333333333,34.0225882018395,31.7273148733003,36.364540682524,3.90102885085981,2.96722655675893,4.78691271220846,22.1353065717434,18.4727824459802,26.0401580026051,0.00133333333333333,38.7379617316817,38.0138474797201,39.5856397448358,0.000333333333333333,0.0536495496687265,-1.31695674677596,40.6148029010539,3.07316321967246,0.0541606613328453,-1.32147798020345,40.6859366613237,3.21397923402718
"23","23.B06",5.37635365526896,-19.5866990641429,15.0155294977531,0.0163333333333333,40.1441845696764,39.1468744780916,41.5645109606503,0.000166666666666667,32.9797374063431,30.9865977496821,36.3879310072084,4.06522136079771,2.55014143098335,5.32414225850358,20.8028484393692,14.7335588675472,25.8096638528564,0.00166666666666667,38.5790491954266,37.4976398806382,40.031206083632,0.000166666666666667,0.0605112150213854,-1.36778927560683,40.9154976531418,4.54908290072688,0.0595212262096187,-1.32507005427897,40.9520726565689,4.31354418929261
"1","1.C06",7.6515507069276,-8.1215959329708,16.0598449409041,0.0116666666666667,40.2189120675394,39.5143657329984,41.6649789612717,0.000166666666666667,34.1563451340266,31.6065271163966,37.1903172643958,4.07215829019707,2.62264882768791,5.50739180844205,22.7552377537209,17.5825089380768,27.8875067593056,0.00216666666666667,38.9625210050326,37.7804741363642,39.9901827293071,0.000166666666666667,0.0562974985471537,-1.53315498243265,40.9265744654259,3.34446927119159,0.0563533643589131,-1.51748123359644,41.0248534504545,3.42283019796868
"14","14.D06",7.01458952758093,-1.36531990437761,11.2638500614693,0.00233333333333333,40.5299101242938,40.0573575361164,40.9919854126201,0,32.8821953930372,32.2582756346719,34.2928488314525,4.19045535427213,3.67903295337359,4.7650221604787,20.7979073024416,18.7987473022487,22.9887555267176,0.000333333333333333,38.7719146354271,38.3697639782664,39.3664569416072,0,0.0667212023974778,-1.56667196998866,41.4579998467246,5.37684965788737,0.0654082081573947,-1.51575411746127,41.4172422846851,5.1486251503794
"24","24.E06",4.7272953238264,-7.01482358531359,14.3126253481233,0.00683333333333333,40.0950041597029,39.5374503175381,40.9890787809847,0,34.650016995348,32.0696132767781,37.6885835229277,4.05418254356617,2.89122703465456,5.17655619439856,22.8545060474455,18.2754527527004,27.0966570221167,0.00183333333333333,38.9920477714709,38.0889529895424,39.8115624573649,0,0.0523070740922068,-1.27808579807684,40.5988036791155,2.5914151791977,0.0531249199420019,-1.29401439813148,40.7089158441257,2.8303568512037
"8","8.F06",8.5418660530183,-7.66181073777108,16.6944347412151,0.0128333333333333,40.1525036421775,39.2769471306179,41.415881518267,0.000166666666666667,34.2919150880653,31.8982748307169,37.745989183307,3.75837820948681,2.33043661277201,5.11858142451438,23.0603109771297,17.0391477247157,28.064559961018,0.0025,38.9528125009934,37.7123105152237,39.9534506370772,0.000166666666666667,0.0536578108259374,-1.57792910730006,40.881410704718,3.10961211341347,0.0538480046056274,-1.55097460083175,40.9946353083908,3.23768753594336
"anc2","anc2.B06",6.5538175810034,-4.61993854104818,13.4179982766006,0.00366666666666667,40.0851452317677,39.5867282049767,40.7869817005874,0,33.5059746460664,31.8773792763279,35.6861873056759,4.1941099352205,3.29047411365564,5.05860915479281,21.7977561794364,18.4903879138381,25.0516128525351,0.000166666666666667,38.6431633697345,37.9675938938444,39.4925022835131,0,0.0592893696191621,-1.47278297046057,40.797405681959,3.83594157781202,0.0595557009651516,-1.45986435558635,40.8426480303555,3.86130888950317
"26","26.C06",6.43301471069837,-3.02125103757253,12.5166585312471,0.00466666666666667,40.1687379514175,39.6573993778281,40.7774713028152,0,33.374877561679,31.7825701530935,35.3392741903005,3.76152442923862,3.03293377766903,4.39453699032396,21.4358654322445,18.5852776916953,24.5537817679321,0.000833333333333333,38.6729950912776,38.0405194180598,39.4111061280705,0,0.0569786689424518,-1.4400748876248,40.9747960439522,3.97865178580602,0.0569999689405834,-1.42255025135166,41.0015218556167,3.99152944107621
"31","31.D06",5.65864158148015,-7.38224697790135,15.4157059191384,0.0095,40.0396034436872,39.3765250146255,41.1317896103503,0.000333333333333333,35.4444898546571,32.1714390975615,38.7106593624514,4.57027077451885,3.00351689980396,6.20619209571245,24.1975272345841,18.1716876628393,28.7629013253019,0.001,39.1769111394301,37.8648043902639,39.9121536766538,0.000333333333333333,0.0530086560456213,-1.34982696409328,40.4157617530503,2.01734872088616,0.0541382386854756,-1.37083696889478,40.5926980611853,2.38064144470046
"18","18.E06",5.254346621966,-11.9681389547767,13.9120040151916,0.00783333333333333,40.9853521666141,40.0517063175959,42.0607498072911,0,33.3120608294991,32.0337442882668,35.8033420188526,3.45095432475222,2.71628730428573,4.31673979246782,20.4901498229699,16.5267792038922,24.4534134771648,0.001,39.2707473874841,38.4813699451852,40.3248598283119,0,0.0566265797538652,-1.33593144935942,41.9354689593621,4.92849114843887,0.055416122178551,-1.28513737302665,41.9004345759982,4.65445962563201
"22","22.F06",5.27274969284482,-10.4011088686629,14.8456276798139,0.00966666666666667,40.0603787475342,39.363367415452,41.0555815958983,5e-04,33.3146412459173,31.3674782219635,36.2063197342785,3.7118387415797,2.73665795650789,4.71335708652699,21.1422396587469,16.1382503436502,25.2199945822689,0.00166666666666667,38.6038791317177,37.775428265066,39.738850548464,5e-04,0.0555588417547831,-1.33613136941414,40.7987814884548,3.87062719796345,0.0554688441244357,-1.31299899104618,40.8595701473984,3.85466023504814
"20","20.B06",4.39513148309347,-6.44331475624596,14.2719104808931,0.00683333333333333,40.0875371673228,39.5319468427037,40.8311691337233,0.000166666666666667,35.0095449252563,31.9892617709979,37.9362432134495,3.84563439194203,2.71741716494657,4.91451945249927,23.1449279326082,18.1820661376107,27.3604217455017,0.00116666666666667,39.0878667389236,38.1573197381047,39.8383334722631,0.000166666666666667,0.0496616218633978,-1.24358518349513,40.5605374767177,2.27272547388857,0.0505242626707354,-1.26274560814107,40.6843582705747,2.54216939763696
"anc3","anc3.C06",5.77325605528959,-13.7049395698776,15.3381855295243,0.0116666666666667,40.1794186528815,39.3251368486923,41.4275524261383,5e-04,33.4623899395355,31.276799097586,36.7432884143992,3.61502528625052,2.44749987077432,4.68458875714422,21.3801584289433,16.3149551080574,26.525217770102,0.00283333333333333,38.7623668889053,37.7175086811099,39.9269314499723,5e-04,0.0546643501388748,-1.36634760180789,40.975940140365,3.89435354704451,0.0543762463290037,-1.34601050308527,41.0332583156242,3.80993487171202
"5","5.D06",6.8799970567777,-10.6002644956923,16.054773261205,0.0133333333333333,40.092814151179,39.3227853090787,41.3810174444137,0.000166666666666667,33.6393964768295,31.2560058030839,36.7518173530522,3.52848146295037,2.24122558870177,4.62437472903193,21.8827019541296,16.0280674689753,26.8996216930226,0.00266666666666667,38.7250862910407,37.6648369609073,39.9025952569105,0.000166666666666667,0.0537634494670031,-1.44179514259482,40.8837929350522,3.62988724405711,0.0536005348378048,-1.42117589791501,40.9644823044459,3.64504558061727
"29","29.E06",4.59383431315103,-8.32402422483268,11.4276068875089,0.00466666666666667,40.3688808092594,39.8198295866125,41.1140189010433,0,33.4725737381697,31.786931321829,35.6140367873995,3.53194811364828,2.76112311622602,4.1515391306524,20.9586743615819,17.6612169776403,24.5800033218494,0,38.8760082496606,38.1873054590097,39.6221593845825,0,0.0539280272417508,-1.27940724023913,41.1422142489109,3.91064992794423,0.0539321580538708,-1.26086325895725,41.1756050455032,3.92304715457677
"anc4","anc4.F06",4.94031055152123,-15.4784409733062,14.5394103789077,0.017,40.3228830391283,39.4373863509014,41.6807782819079,0.000166666666666667,32.7751359326096,31.0892340886925,35.5812512088696,3.64205772783803,2.47650507984233,4.58467750347453,20.2066904499073,14.9071903150204,24.6135847978398,0.00183333333333333,38.6398652604045,37.6351537216903,40.0192376374089,0.000166666666666667,0.0590404420707503,-1.32346765979012,41.2047046234007,4.88519340128367,0.0575236492797123,-1.27403405211535,41.2015150565662,4.61469674176526
"11","11.B07",7.56746064390705,-14.9805305500948,18.0506972629977,0.0196666666666667,40.1940036009804,39.2169176169156,41.915798137781,5e-04,33.8734033747589,31.5138853711328,37.6771793675172,3.88899537317563,2.12874238385896,5.38959287033137,22.3447792518153,15.1407515266993,28.1607539764375,0.00316666666666667,38.9008515762847,37.494904434754,40.2870408466383,5e-04,0.0559028520585178,-1.51358495974086,40.9602936566587,3.62285538547548,0.0555047426543041,-1.48075651691458,41.0465871931627,3.59827170369216
"11","11.C07",6.46003721417569,-7.64745586265972,13.5444330600099,0.0085,40.2578445796972,39.5372546943563,41.2066032433969,0,33.4231611031074,31.6485544597404,36.1409712620873,3.61277486574886,2.66013847159252,4.51471417435281,21.4234566470446,16.8887977408355,25.4502102568666,0.00166666666666667,38.7762679194919,37.9743985290469,39.7533556946738,0,0.0557443375042813,-1.42827530718942,41.0949220517301,4.00713062607134,0.0554694361217368,-1.40369684959658,41.1330127606267,3.97876475945422
"32","32.D07",3.5652073979396,-3.78445231890739,12.1494590922872,0.00416666666666667,40.2641610858382,39.9901199198523,41.1009795106802,0,35.466388013495,32.7271820815791,38.1434362266617,4.30971507424588,3.30217329347564,5.44477348047208,23.6312156568978,19.7400036661081,27.519528718108,0.000666666666666667,39.3175176156338,38.6296698425539,39.8687973643838,0,0.0511522111788877,-1.19887872919258,40.6545153559525,2.07628523588231,0.0520092386112119,-1.22744667835515,40.773247837903,2.33086756046656
"anc5","anc5.E07",5.94241785012045,-5.96083708450313,14.9138920356245,0.006,40.2172087658543,39.7786125766749,41.4620496517894,0.000166666666666667,35.7886822105142,32.5983473871094,38.5542430229776,5.02730185533131,3.39243157085387,6.70703021639509,24.712437636346,19.4466895227074,28.8700032997224,0.000666666666666667,39.3975991862554,38.3142338136806,40.0524735260219,0.000166666666666667,0.0548522344714401,-1.3835540680741,40.5765933965882,1.92282017741754,0.0560816827166957,-1.41557263551657,40.7711407065515,2.32879451189775
"32","32.F07",3.00558200670569,-4.80735984214314,11.1267981514704,0.00433333333333333,40.0776778250062,39.8027338244966,40.6535685261566,0,34.9389196289375,32.204932882484,37.5006072849437,4.05362063602515,3.21812854258516,4.96406360193201,22.8875170687719,19.0038812371856,26.4398036815448,5e-04,39.0276748532472,38.2921988078359,39.7397899110492,0,0.0506504326956711,-1.16385573968429,40.5016373311923,2.28918229043945,0.0514518785213473,-1.1847798300708,40.5820060898171,2.48645439591175
"27","27.B07",-1.20208575754422,-38.0572674438598,16.0032435468556,0.107166666666667,39.607509219631,37.739594460483,42.0064173208606,0.002,31.4487433833762,27.3899725947609,36.2841552672823,2.33679719685719,0.828594253103667,3.33338592502079,16.7582561114143,2.66893432702565,25.1212734801604,0.0291666666666667,37.8223073255215,35.7917739565957,40.373161470522,0.002,0.0440285135244682,-0.879114671116561,40.530864658478,4.72824327228001,0.0423532787168576,-0.900169674710902,40.6135562611151,4.41907257427751
"27","27.C07",-1.8898714134447,-41.4325760646622,14.5559403820751,0.105833333333333,39.9967135196681,38.3522307505034,42.5617224770169,0.00166666666666667,31.8402741409505,28.251760426274,36.7847374192455,2.46229049262455,1.09437410625449,3.68406115009668,16.8884693027452,2.96442523751583,25.2955105961588,0.021,38.2481189580517,36.3356452210827,40.8278877764171,0.00166666666666667,0.0446414727944055,-0.8457192650503,40.8606213401859,4.73887158091511,0.0431065397963549,-0.882948583508305,40.9435973794353,4.39906330800201
"35","35.D07",4.44742465587969,-10.214046776345,12.4118377307104,0.00683333333333333,40.5658565251944,39.9470508503142,41.4830768945946,0,33.4473737958234,32.0249747406349,35.8055506885947,3.82752770710374,2.9507477726684,4.55862439286295,20.8755413327154,17.2874410224555,24.4334419434238,5e-04,39.005382253124,38.2986730812353,39.8664120276106,0,0.0568222505225062,-1.28316823281717,41.3234075502098,4.24144852850874,0.0565577579271625,-1.25519094376873,41.3367931749403,4.16236679390622
"17","17.E07",6.61630796889675,-0.990805590489369,13.1908014341622,0.002,40.3403574032293,39.9173096199236,40.8856507574948,0,33.6046920140899,32.3689086684174,35.1738026849143,4.26894062241028,3.6761500340951,4.91388674498979,21.7948303406321,19.373516121676,24.3389974834571,0.000166666666666667,38.8446780489845,38.3025971627691,39.4240935649744,0,0.0602035065732321,-1.48824096800334,41.0743503732256,3.99681695993357,0.0603599635002347,-1.47445902100877,41.1052525839572,4.02643653144722
"35","35.F07",4.53720171896963,-9.75678349528066,13.5250312890852,0.0075,40.6383787304278,39.9795038277706,41.8102099583043,0.000166666666666667,33.9082765799768,32.1419848137698,36.7358480114434,3.644600064181,2.73569356403949,4.55149727769531,21.3916098739352,17.007561472653,25.6255054247118,0.00116666666666667,39.2131354623847,38.4320319977873,40.2023123972853,0.000166666666666667,0.0532765381720489,-1.27038736600334,41.3903821745418,3.78122186401158,0.0533071342884926,-1.25452350027714,41.4330069287795,3.75483755727344
"anc3","anc3.B07",6.46245153049895,-11.1572132740488,15.8502850214766,0.016,40.1051866239157,39.1962038869332,41.2581319852601,0.001,33.7027331455257,31.3197516498444,37.0122449729711,3.89308673946625,2.43924558508452,5.18814904038548,21.9688184768818,15.7817768960494,27.0004987106758,0.00216666666666667,38.7626326887683,37.6999191200627,39.9177278197251,0.001,0.055755957077484,-1.42748647684151,40.8208707876151,3.60665673939227,0.0557312242129631,-1.40564533691985,40.9014123694347,3.6209230966892
"7","7.C07",7.35354627761508,-12.2771764296006,16.5113958934664,0.0103333333333333,40.180323379449,39.3587511350581,41.3003926026897,0.000166666666666667,34.2316880722771,32.0005939625992,37.1729905204555,4.28493113705007,2.79474996548433,5.57466712027147,23.1655019087616,18.11081534901,27.9011074444632,0.00216666666666667,38.8879844094779,37.8314328752689,39.8565642585834,0.000166666666666667,0.0589452048769497,-1.47130599045381,40.787486455569,3.76871347847411,0.0761431721171655,-1.31621797587699,40.8591040059062,3.84459068440971
"anc3","anc3.D07",5.03739818876744,-7.49666871725555,13.9797584025269,0.00633333333333333,40.1391886509138,39.497022635294,40.9941978721561,0.000166666666666667,34.0531540207807,31.8431095715231,37.026127300869,3.72564771586814,2.72936947736215,4.69483287054177,22.0467064748786,17.592182848141,26.3465311625503,0.001,38.8713155737205,37.9409511626405,39.7343519939962,0.000166666666666667,0.0523321282730482,-1.30018618170984,40.7740686169089,3.14913896029174,0.0530499113754135,-1.30920053232688,40.8681315292968,3.2855571628507
"15","15.E07",5.28374683019351,-15.9310238811107,15.4925666143677,0.0181666666666667,40.401346069125,39.4014809369919,41.7486052707845,5e-04,33.0926820680686,31.5096670401402,36.2459541749573,3.78256936487336,2.41178166497397,4.83758741453959,20.6583475391636,15.197611730212,25.6726827026115,0.00233333333333333,38.7966397387789,37.7962424293504,40.1983412899061,5e-04,0.058675314140202,-1.35251000576346,41.2421108512544,4.62069416756183,0.0573670288479035,-1.30575968038449,41.2633609478377,4.38791969248819
"cc1690","cc1690.F07",4.66797086315779,-16.5717686627291,15.7527938216396,0.021,40.2424847741672,39.3258457507082,41.6065141719855,0.000666666666666667,32.7205717984242,30.9281655963405,35.9060001738414,3.3145244510352,2.19982862668458,4.29155765595298,20.0048620569342,14.0426736049257,24.7051458412237,0.00433333333333333,38.5829444787612,37.6163612284599,40.01413316232,0.000666666666666667,0.0557149102479554,-1.28409512640746,41.1665183745234,4.75190061754875,0.05421148399448,-1.23564882675413,41.1819327356518,4.46769644894428
"anc5","anc5.B08",6.49503667766694,-1.6227351283623,11.9765659859788,0.001,40.7156654060781,40.1631015759034,41.3276805388706,0,33.7387823380277,32.6214585119364,35.2822003622377,4.21704995242678,3.54224352631984,4.76572244363593,21.7105954302435,19.2455510920934,23.9483636125751,0.000166666666666667,39.1666151683581,38.678258060008,39.7541917053923,0,0.0602432828503305,-1.47550962778047,41.496369969535,4.25407594212637,0.0602230663430587,-1.45827280865182,41.5026231112609,4.22728251801614
"32","32.D08",6.36490133563442,2.28380132608478,10.8039435948856,0.000666666666666667,40.1843887943898,39.9530898980747,40.4998774679318,0,33.9658312427804,32.6217012961102,35.0370287977482,4.44816623825975,3.98744158703221,4.85374361420855,22.3595781204224,20.5173683484141,23.8956483758339,0,38.8168163565835,38.3588208781192,39.1575563994643,0,0.0588537638545408,-1.45318590828852,40.8116508015071,3.40470730101483,0.0592679460179698,-1.45928087036228,40.8421132253672,3.50388039289261
"33","33.E08",5.68207513413184,-3.18649451062596,12.3697866189436,0.00483333333333333,39.9542582438572,39.557304170586,40.4543022491184,0,33.63988958976,31.6601617516518,35.4422435013034,3.59062856435691,2.89186203699226,4.16085340197186,21.6833410286908,18.2633910852573,24.5620073742707,5e-04,38.5796625676252,37.8570565806982,39.2645136644906,0,0.0533000872624546,-1.35378924090391,40.6643588377885,3.37078710401844,0.0536492999269938,-1.34822209527071,40.7098088979938,3.48130934373526
"14","14.F08",6.72076797902808,-2.19001077842331,11.6738585088283,0.00233333333333333,40.7194117097506,40.2096464895596,41.3630412185983,0,33.4574621351697,32.6277493258498,35.1828887664847,4.26818343807877,3.65321692887944,4.87414974920814,21.399318589034,19.0509143539001,23.644511467403,0,39.0825913961,38.6222655539341,39.7232391360592,0,0.0628338820908834,-1.51636942721608,41.5499351615202,4.69543201486751,0.0623052883418946,-1.48136246709461,41.5330298747533,4.57212663744924
"17","17.B08",5.14055847621588,0.150741463382485,10.4471603973084,0.00116666666666667,40.1336837689369,39.9385650479346,40.5060642948691,0,35.1771280751723,32.9963770785224,37.0274291168742,4.61853072767943,3.82352329827,5.33332468695639,23.7564291061,20.6798369785367,25.9929616289519,0.000166666666666667,39.1036252988645,38.6101552090989,39.622763098452,0,0.0543014220846885,-1.32165542855722,40.5471644449703,2.24180012809931,0.054785108585398,-1.33632493266383,40.6034972703615,2.38561791021941
"2","2.C08",8.41326978767996,1.89321022575637,12.5777960730758,0.003,40.1608640068648,39.7092218243907,40.5858097324258,0,32.8483954242669,32.0422784482007,34.4855759162427,3.6442517604879,3.18536489406288,4.22107188106812,21.1992688841051,19.4811712675851,23.6227237423873,0.00116666666666667,38.4937486111877,38.0394947923175,39.1356243138058,0,0.061672771874408,-1.65960382724215,41.2052866924351,4.89450583828864,0.0609066488620971,-1.62622134691857,41.1927266945395,4.74660456056199
"35","35.D08",6.06279817743125,-6.16655642509507,11.4774510979145,0.00333333333333333,40.6177582122456,39.9439375464838,41.276593834781,0.000333333333333333,32.9527742081959,32.0635486784854,34.7468696895888,3.90591297144666,3.22093340766031,4.49971855577701,20.5623415668696,17.8781767406618,23.5442083496485,0.000666666666666667,38.8748787607695,38.3396861262861,39.710959236419,0.000333333333333333,0.0626062391461032,-1.44761425561593,41.5388205216788,5.172950278637,0.0614134795011008,-1.39393669953894,41.5032620185369,4.93425265974247
"9","9.E08",3.39808089926842,-24.1232946028983,15.0490358462386,0.0268333333333333,40.2216337170828,39.2192771678265,41.9132905509803,0.00116666666666667,32.6365200059327,30.6079031141263,36.2853527883068,3.55927396158973,2.18000060287466,4.89841068567576,19.7003567049647,12.2592551601843,24.9022662847804,0.004,38.5558119282335,37.3806577411512,40.2344791884157,0.00116666666666667,0.0572557919448171,-1.1944935614967,41.047427396405,4.80502684698831,0.0556205300559727,-1.16342107948697,41.0659885901428,4.50580679242713
"31","31.F08",6.21513577807643,-11.224284621388,14.4969002263654,0.011,40.1760649414221,39.3773332587014,41.1878819841704,0.000166666666666667,32.8225655574636,31.1711132076867,35.4183578575474,3.93747699346914,2.75649516091703,4.92946602874173,20.7216310785944,16.3257365541386,25.1370101361986,0.00216666666666667,38.5322521891147,37.6767490042157,39.6756218788475,0.000166666666666667,0.0617731775163328,-1.45242517030777,41.0450431120607,4.82847736574831,0.0605432319574314,-1.4021721879124,41.0439959499154,4.57791636461837
"7","7.B08",4.66002059543697,-0.999635753585189,10.4311647243405,0.00266666666666667,40.1911483825863,39.9049434871012,40.5717056019436,0,34.6109991791361,32.4443696577531,36.1086663885168,4.1182069400241,3.46951157509769,4.72808813992489,22.7379346343001,19.7625885342685,25.0242764954171,5e-04,39.0080852419878,38.4852470763499,39.5323644983329,0,0.0531312743878162,-1.28057960987227,40.70709232439,2.68841859813558,0.0536601987654893,-1.29218187049796,40.7603803996139,2.83475755164489
"16","16.C08",3.6266056412506,-23.5267492532834,14.694420881038,0.0208333333333333,40.175657948828,39.1947230517972,41.9037344420217,0.000166666666666667,32.9199028222784,30.9500307959594,36.5043433084608,3.80657107307283,2.31114423374159,5.04242498734958,20.2727512372984,13.5535570217366,25.3215478705196,0.00183333333333333,38.5973042722987,37.413633395168,40.174136976852,0.000166666666666667,0.0579095010926006,-1.21912348608564,40.9210701031492,4.50198203610916,0.0567322851579502,-1.1996196891175,40.9749291920449,4.2702582452237
"20","20.D08",7.18291436223309,-4.45188670761295,15.8644347469312,0.005,40.1868612467099,39.6073240660657,41.0255003602466,0.000333333333333333,33.6168051614367,31.8583273932403,36.0775884162634,4.02651722751385,2.99638714061282,4.93117009605448,21.952840686852,17.7614855748408,25.4752342055918,0.001,38.7584194534121,38.0212218080765,39.6652808536681,0.000333333333333333,0.0581227596928368,-1.51148478595011,40.9570806281931,3.8055376090264,0.0582326558814937,-1.49414737497731,40.9941301278585,3.8407931941189
"30","30.E08",4.96001804996814,-3.69826678882986,9.52971945956052,0.0025,40.2116584036226,39.8086674389728,40.5648505462141,0,32.3928722325056,31.7074479020402,33.7896663521932,3.60263107680671,3.19246481683613,3.96769162889739,19.7504085823868,17.8018717343189,21.7809851823833,0.000166666666666667,38.4232011991949,38.0848737390423,39.0430197550853,0,0.0612148875862835,-1.34127447580934,41.1441282455199,5.23630027030406,0.0602445383438083,-1.30288436490485,41.118443777409,5.05780086976303
"10","10.F08",5.15682305844899,-7.647241615682,14.1077238350176,0.009,40.0698866064876,39.4469435328555,40.9440972693721,0,33.7680481908171,31.5589037004957,36.6258843427325,3.58869528651764,2.62710266896241,4.48610061661911,21.6711327424321,16.8006757615166,25.8372253618667,0.000833333333333333,38.7371456487214,37.9022988302603,39.7257202313938,0,0.0524493307183165,-1.30933953104237,40.7516861629318,3.32774814405809,0.0527791329966264,-1.30342306729145,40.831823078262,3.42074403993406
"1","1.B09",6.23426479448592,-4.73755644827625,13.1878448906017,0.0045,40.1608598998845,39.6582904597563,40.8539018233423,0.000166666666666667,34.2238225208095,32.1070704427761,36.7701791292366,3.97362262418857,3.09141200630018,4.88867523267263,22.5479903948552,18.7730407930712,26.2316284769769,0.00116666666666667,38.9001810223366,38.1860351619535,39.6790043381921,0.000166666666666667,0.0543193544117238,-1.40175495606501,40.791627340205,3.07648340434371,0.0548340153082019,-1.40448966190982,40.8632692970584,3.2263655454801
"6","6.C09",6.82805014879012,-1.38264625092257,13.3708832704173,0.003,40.3426088564844,39.9023504196389,41.088684553476,0.000166666666666667,34.3077607535446,32.2695537954872,36.4277546435089,3.77097202644984,2.90602758287036,4.44308012103062,22.6217783289083,19.2894044693407,25.8165089286607,0.000666666666666667,39.0571171849954,38.4172207843537,39.703478677655,0.000166666666666667,0.0534462884541743,-1.44036181491942,41.0438092787669,3.17164766781078,0.053907910550414,-1.44358183508353,41.1122424289657,3.30353837831632
"14","14.D09",6.76716835004465,1.75303926278853,10.0655336717834,0.000833333333333333,40.8982456015787,40.4617899343253,41.3409158121085,0,33.6793590848047,32.9260977892695,34.695411151601,4.26198250611764,3.88453311761368,4.63961195138579,21.5831979241889,20.1336712648495,23.0692066992049,0.000333333333333333,39.2650032213331,38.8938389592443,39.6368069684193,0,0.0619510945978694,-1.51394570726609,41.7178683723493,4.57804327133222,0.0619119404207884,-1.4983819451507,41.7100550131931,4.55217159436023
"6","6.E09",6.49094021153111,-0.543669500641392,12.1287170348585,0.003,40.2449039561782,39.8930995228613,40.8698757782701,0.000166666666666667,34.5470437823222,32.3834337536221,36.5001279126724,3.86439611687,3.17979221535667,4.6593179651042,22.9175270616175,19.7682418820451,25.9366630708055,0.000833333333333333,39.0436232432735,38.4536273479196,39.6883997651036,0.000166666666666667,0.0526964854187246,-1.40775819484468,40.8603540232149,2.82922324007144,0.0532365803015906,-1.41323692238471,40.9331198670568,2.99155702540855
"26","26.B09",7.16884048347895,-3.06239673428835,12.6756193172409,0.00366666666666667,40.0573272963413,39.6121018977312,40.6604549115064,0,33.4588042121526,31.9166637229722,35.6412720732959,3.99198607442365,3.06824566327988,4.75056326913126,21.8341518659627,18.8551475406161,25.1874207192371,0.000166666666666667,38.6031843019197,37.9786765615123,39.4477477899946,0,0.0583911709005629,-1.5185805818296,40.8284584864542,3.84616460742166,0.0585326362245144,-1.496890788912,40.8583981886036,3.86377493331977
"21","21.C09",5.84515667956209,-9.45374956241221,12.8230709957581,0.00566666666666667,40.2229280216316,39.6267792492607,40.9861898837761,0.000166666666666667,33.3768551619517,31.9944729687013,35.9564973816705,4.74385332591993,3.57587666963945,5.79521456075014,21.5370579168587,17.815908820572,25.1754521899829,0.000333333333333333,38.7139845732618,38.010667093015,39.6397340984597,0.000166666666666667,0.0638201389255206,-1.44620768717943,40.8895041411764,4.24675635530136,0.0635978832762179,-1.41514134482002,40.9259753942585,4.16016933333205
"31","31.D09",6.27418056267043,0.405397515517894,10.5560675222089,0.00183333333333333,40.1073115214116,39.8223537878083,40.4349824885856,0.000166666666666667,33.4882486210891,32.1710850809438,34.6237313321286,3.82860894260071,3.37900678616185,4.18585591080885,21.5966946366996,19.5832514001958,23.1905108675931,5e-04,38.6390863932623,38.1820119167132,39.074208209235,0.000166666666666667,0.0566513215457494,-1.42478866242124,40.8654697857715,3.75873090488241,0.0568998946627149,-1.4218468885503,40.8910797429555,3.82355508078956
"21","21.E09",6.73256571640454,-6.56849900576044,13.8431476990847,0.00566666666666667,40.2499637470323,39.6096018164157,41.0246480048564,0.000166666666666667,33.0091320345884,31.9140218925156,35.2323838965406,4.38760951041668,3.37802841537047,5.25783044534142,21.1222816597652,17.6297515055693,24.1424608967528,0.001,38.6176568617153,37.9961923040786,39.536773275111,0.000166666666666667,0.0650307531178849,-1.53889435536596,41.0620235436462,4.78708511303472,0.0640377650492234,-1.48423729960531,41.0588280051835,4.60466234431085
"2","2.F09",8.32998965879127,1.27627577274131,12.1049559188744,0.00183333333333333,40.2322821308356,39.8560756337921,40.7612722631268,0,33.3798786455093,32.2114004617594,34.9826762428056,3.92118261557781,3.36331813150642,4.58276508648426,21.8699856850983,19.6887466936542,24.2341291442406,0.000333333333333333,38.6977677800919,38.1996427041216,39.338814683202,0,0.0601893131922546,-1.646099066998,41.1288206016969,4.242995111142,0.0601471182670698,-1.62435962334311,41.1401883392234,4.22944368469979
"5","5.B09",6.26399350348621,-12.2813407003797,17.1099646748468,0.0156666666666667,40.0919857084672,39.196399316407,41.560575757267,5e-04,34.7485535918025,31.7853482660277,38.2559583358194,4.32895945337168,2.53784415687795,6.08735118466303,23.3411485507655,17.0504464754236,28.71140705789,0.00466666666666667,39.0769601195533,37.7923884964295,40.2635918463703,5e-04,0.0540694462317674,-1.40024125281899,40.6016668436704,2.63640679210203,0.0547256326912812,-1.40596933356539,40.7798955511597,2.87313515331947
"30","30.C09",5.35921750886867,-7.76866646480369,12.5461686788072,0.00616666666666667,40.3944737943433,39.8043779227581,41.1875028486411,0,33.2321167130435,31.7647551165058,35.7072195634604,3.84150473429925,3.00478160909258,4.64391955578772,20.9130782213565,17.4284072852372,24.7165608509235,0.000666666666666667,38.8195833766199,38.1779005546258,39.721286588576,0,0.0583719655014382,-1.35978639207298,41.2073773530469,4.39543544759439,0.0578830899281736,-1.32808813790577,41.2037226190009,4.2710951371754
"3","3.D09",5.55095958140243,-5.34502536688925,11.3307939613588,0.005,40.2736396913467,39.7786132074077,40.8892841526088,0,32.9292855200994,31.7776602470963,34.8595035834424,3.78573388869528,3.06536728802917,4.34897625971104,20.6093563211778,17.4628479460781,23.3231445392235,0.000833333333333333,38.626098958814,38.0763616870393,39.4112733793009,0,0.0596049212447894,-1.38428750679406,41.1250796812889,4.63876147240858,0.0589788383005254,-1.35184486464923,41.1226592963374,4.51462294228706
"20","20.E09",4.62207014788089,-3.74918700213118,12.364144041188,0.00383333333333333,40.0886539605032,39.7397976523575,40.7455958552917,0,34.3876034055232,31.978535644357,36.6093124740468,3.88916402297949,2.99628782045077,4.619755130807,22.4270903564716,18.9311616109913,25.794143488265,0.000666666666666667,38.8887394946002,38.1375986767329,39.5819410672271,0,0.0521303928518858,-1.27173696565578,40.6367193591692,2.77731449877862,0.0528140873938245,-1.28689708295512,40.7118130311824,2.95736855929584
"3","3.F09",5.62510469368141,-3.98953589293694,11.2625899653932,0.002,40.1636482400746,39.7018608337465,40.6417525761617,0.000166666666666667,33.0428070881207,31.9140544927385,34.929918297118,3.79101968633833,3.1437611641115,4.27850605769028,20.8290089522316,18.3716275380782,23.5360082492929,5e-04,38.5743625086012,38.0491094410594,39.269907073261,0.000166666666666667,0.0585684798549769,-1.38589930228125,40.9835503532235,4.34177604426643,0.0584458767170472,-1.3661988034137,40.991328208334,4.30109258408912
"23","23.C10",3.50046427757843,-17.3240837787527,14.5642180592966,0.014,40.0971539251226,39.1663531078661,41.3572359617301,0.000166666666666667,33.9170865534263,31.5610740550441,37.4106325217276,4.82849633411479,2.94020905566168,6.37657346306032,21.978437394758,16.6614291579978,27.1305568567987,0.0015,38.8383929075292,37.6755321606976,39.931045243821,0.000166666666666667,0.0590028801552812,-1.22042864345814,40.5907244831294,3.40284361037965,0.0596641585570466,-1.24398013280345,40.7048265940547,3.44253847010776
"19","19.D10",6.80202168291474,-10.7039275242892,15.8244168522732,0.00916666666666667,40.1076057778044,39.2522165101112,41.2081056416796,0.000166666666666667,33.4939356325366,31.7238925073187,36.9155633367999,3.87366192228389,2.60021249192669,4.98674724587003,21.7170978848301,16.6334716417307,26.5060344787067,0.001,38.6803927317206,37.7703635959376,39.8606967087372,0.000166666666666667,0.0573267283027593,-1.47313592900867,40.8862740929867,3.86662061967874,0.0570319461734185,-1.44485864705916,40.9331478368648,3.83525926325533
"8","8.E10",7.65411985098107,-6.5683341105433,16.5874014287411,0.0131666666666667,40.2484270125737,39.5041914822788,41.7465233820481,0.000666666666666667,34.7862382406988,32.0867562571744,38.3027864852888,3.74932117024869,2.31330113504147,5.03854201147616,23.4427447211575,17.3063994106973,28.2442016480595,0.003,39.1955599814575,37.9448112923013,40.250475530913,0.000666666666666667,0.0513371868930888,-1.47912281208289,40.9006573055776,2.71660898569868,0.0519598116296438,-1.47741867409922,41.0539223501061,2.94354788271106
"23","23.F10",7.11595156447821,-4.88827261058559,13.6003155809955,0.006,40.1766140265413,39.5253122057593,40.8243779573497,0.000166666666666667,32.7551817653162,31.6691089056246,34.7535172888459,4.092138502107,3.23272415407864,4.89810561675528,20.8482920184658,17.6229695447077,23.9792596495482,5e-04,38.4882309834051,37.95040703992,39.4701656666229,0.000166666666666667,0.0649934452638098,-1.56791492494022,41.0898247806768,5.0527476675229,0.0635696761072664,-1.50736989485649,41.0685046690942,4.81833495003335
"2","2.B10",8.97093153733039,0.984104578105635,13.6240123962149,0.00283333333333333,40.1789153616049,39.7193019406964,40.738992986501,0.000166666666666667,32.6620514071625,31.9127290732302,34.2378068627106,3.83342554227562,3.26657911134522,4.49890411601549,21.1262264405959,18.9429844972047,23.5130022165824,5e-04,38.4407210333541,37.99977708331,39.1858490047265,0.000166666666666667,0.066390904096192,-1.7719592000661,41.2819733288316,5.42074832844228,0.0648030696344296,-1.71054915988372,41.2478042671606,5.16494761101975
"anc2","anc2.C10",5.69308695840725,-7.62731568712461,13.1750391672756,0.00633333333333333,40.1232473541511,39.509215297863,40.9652018909962,0.000333333333333333,33.3005387770428,31.6160120206404,35.8980373268553,4.06133630234907,3.00494977515331,4.90516013184192,21.2823330442108,17.4732206801768,24.9976417019958,0.001,38.6339364369573,37.9665400650129,39.6199379431034,0.000333333333333333,0.0588756102691522,-1.39512646922847,40.8567180379848,4.05862920429257,0.0587129907839288,-1.37097669060717,40.8965513111484,3.99886300683766
"4","4.D10",6.4353438733234,0.610066847879712,12.6672192772574,0.0025,40.1762627300384,39.8804897253165,40.7093763689271,0,33.9877395120638,32.2544755641347,35.5478995917266,3.6464460325018,2.96904242877907,4.12335279357073,22.1886660823978,19.3388758162442,24.5773516520953,5e-04,38.8388785255258,38.2695011118044,39.3979135907989,0,0.0532013013360711,-1.4069446173284,40.8910562725504,3.27131529822143,0.0537105723336138,-1.41227356893178,40.9506584998727,3.4049095153548
"22","22.E10",6.49124292901149,-12.1054528026333,15.300551291591,0.0115,40.1900014857643,39.3726888119419,41.5566406093775,0.000166666666666667,33.81153017865,31.6062766430257,37.0034374158285,4.14551834954003,2.74608268310299,5.57942058865091,22.1227837181191,16.2692322517289,26.597336827532,0.002,38.8655393711119,37.7217144685929,39.9871799068421,0.000166666666666667,0.0573323975217221,-1.44246050135089,40.8810772246899,3.65139876210211,0.0573138070366191,-1.42616770491648,40.9716806700208,3.64149295683911
"anc2","anc2.F10",4.72172752379563,-15.6145508996871,14.8364558950393,0.017,40.2690298528694,39.4170840182062,41.5420499662079,0.000166666666666667,32.6464413180693,31.0177357512645,35.4948550246674,3.62847695308341,2.54856096379532,4.6514702191479,20.0053176555654,14.7248919291074,25.0628048693846,0.00133333333333333,38.5638419967882,37.670150801225,39.9044019293147,0.000166666666666667,0.0595601982286069,-1.3077269988611,41.1603447939409,5.01660293011058,0.05792872262528,-1.25989268913844,41.1520732082304,4.69663342862297
"29","29.B10",4.93071610625317,-11.465507473439,16.0258189488986,0.0113333333333333,40.2251422703311,39.4828227799337,41.5323236551628,5e-04,34.8715853768689,32.0283385965821,38.3271981303249,3.86115529881268,2.49711304257432,5.21038796495114,22.974756278952,17.107807139078,27.9862937521561,0.0025,39.1955660823602,37.9617155012891,40.1364488905835,5e-04,0.0505906344626998,-1.27993204252722,40.7612206272486,2.5572513062063,0.0512896812872716,-1.2983760725838,40.9242749528706,2.79538126247225
"3","3.C10",6.50446968491543,-13.0230132597943,15.7291978018453,0.0131666666666667,40.1791619337799,39.2579024405795,41.3871216043648,0.000166666666666667,32.8418308219767,31.2802366172117,35.6157526534358,4.02003996087985,2.7030153551261,5.11246903732319,20.7888226102655,15.6794918306176,24.9381992935051,0.0025,38.5324578310469,37.6836087623856,39.8903337007801,0.000166666666666667,0.0628951011899707,-1.48435357130473,41.0484196007453,4.86740436313955,0.0613133174217693,-1.42260206511782,41.0554829415803,4.6191054876071
"7","7.D10",6.73792607822063,-5.48565714811539,13.7261814624008,0.0065,40.2325851474753,39.660016569684,41.1208815355565,0.000166666666666667,33.8385812460728,31.8881177514582,36.4861138595644,3.67446282809005,2.7237716623286,4.5517516364986,22.05604129359,18.0536199211398,25.9992106484988,0.001,38.8689297637529,38.0894565928469,39.7650827636922,0.000166666666666667,0.0541893728023308,-1.438693266716,40.9979659365981,3.5476445038577,0.0544976102794826,-1.4259960216764,41.0554476560774,3.59147273231716
"5","5.E10",6.35500967634249,0.29997740958961,12.9289982241937,0.00366666666666667,40.1307409659731,39.8447827180979,40.6706650056807,0.000166666666666667,35.0385459831901,32.4365031786346,37.1832242284839,4.14987396192709,3.2987057372465,5.15961653463317,23.6784718018846,20.2215645286718,27.1297307553196,0.000833333333333333,39.0763472100454,38.4196591525795,39.7535903093315,0.000166666666666667,0.0525591271055621,-1.39671255479848,40.6278274805189,2.34821061328966,0.05319644371433,-1.41220282917013,40.7073610662833,2.54181968537356
"24","24.B11",3.76366737779115,-10.8998343260563,13.1724911183336,0.00666666666666667,40.1832310462191,39.6175060048144,41.0753832265724,0.000333333333333333,33.9772149126536,31.7928865689964,36.9436858853386,4.06213368995876,3.038427736317,5.02491608987796,21.7535759884145,16.7077253030071,25.5626049810542,0.0015,38.8876187941015,38.0813816328293,39.797395985639,0.000333333333333333,0.0544306333176787,-1.22570380097641,40.7633851158089,3.26368127647129,0.0550336832796155,-1.23371030847542,40.8447414662507,3.37063851391006
"anc5","anc5.C11",5.88840748321768,-5.39269353291083,12.686877454843,0.00433333333333333,40.7268328397034,40.013663875832,41.5560167323663,0.000333333333333333,33.8743787386265,32.4271181671968,36.2327316963213,4.06442578734255,3.33047830077527,4.92398856063308,21.7173422646964,18.4706002252654,25.252990689797,0.000666666666666667,39.2339713759416,38.556223383437,39.9716781992884,0.000333333333333333,0.0579738300209392,-1.4041615917166,41.488676767414,4.05478603544743,0.0578096747780873,-1.38256986101003,41.4995965833688,4.00952412244952
"11","11.D11",5.55282222271601,-8.33166337140274,14.8930091017728,0.00833333333333333,40.0398507276309,39.3835619381415,41.1418666716525,0.000666666666666667,35.142026911007,32.129790650311,38.312298964175,4.88700233065185,3.30077877505754,6.63293881642635,23.8986623201589,18.6816164279482,28.7122480782796,0.0015,39.0920594945167,37.9376472241798,39.8803801790965,0.000666666666666667,0.0555163179180254,-1.3599711637095,40.4274977052519,2.23937878719652,0.0568267082029618,-1.39057038957966,40.5902252576976,2.57836047507106
"24","24.E11",5.5002829575394,-14.4139938224108,15.4270433344675,0.0126666666666667,40.1884085759229,39.3483309639114,41.5428768140707,0.000333333333333333,33.7016593155093,31.3091802106454,37.2804002742695,3.63572478197139,2.28699560431033,4.79033584665733,21.6490337820907,15.7087146425075,26.9683751686944,0.00183333333333333,38.8599943272398,37.6864510758878,39.9688829456058,0.000333333333333333,0.053579911210673,-1.33923352998077,40.9363127671411,3.64001441136029,0.053563602264817,-1.33009218473402,41.0183405494467,3.61219459260905
"1","1.F11",7.18231742841627,-3.18681113675832,15.4932683773905,0.00783333333333333,40.0809021362056,39.4931985746197,41.1471759721319,5e-04,35.6337679016454,32.3072578539333,38.6248276339803,4.41443616854029,2.88027509966118,5.92675769594136,24.6410517070314,19.0294239938994,28.7811135146368,0.0015,39.2348875932718,38.1475119107268,39.9357245343027,5e-04,0.0524598381296065,-1.45683398347404,40.4943470210276,1.92143579275563,0.0534069709650334,-1.47559014417131,40.6697001980825,2.29379251058635
"18","18.B11",5.76647881992316,-10.5510613187618,12.993478116062,0.00633333333333333,41.0965772936481,40.141324747574,42.1701034470981,0,33.3755935971804,32.1646277002188,35.5056717520996,3.68123512004528,2.89327196799347,4.40674496280376,20.6939982682077,16.9641181478774,24.2204517382948,0.000666666666666667,39.3496814601935,38.5927899688061,40.4365023128658,0,0.0593551655261605,-1.39356490969079,42.0411065365541,5.12900080523778,0.0580224860704409,-1.34096250939215,41.9862989920814,4.82140876544349
"17","17.C11",6.88602887748147,-2.44814799803037,14.470399326442,0.00433333333333333,40.2828210746834,39.7790764568975,41.0392855497727,0,34.0744721033535,32.3066426081711,36.398178993429,4.61933685337449,3.64075999195663,5.81752106701785,22.6130234573631,18.7436861795282,25.8396778045172,5e-04,38.945712797872,38.242104488571,39.6749704954261,0,0.0598676467820149,-1.50937000917253,40.9105416489686,3.46528441406855,0.0603134029306601,-1.50192450079485,40.9764304117386,3.56128968390363
"27","27.D11",4.77065354594267,-16.5356855084757,13.9593304867368,0.0173333333333333,40.1563283147586,39.3429528852179,41.4538171569956,5e-04,32.2511616024569,30.5145694103288,35.1534345907162,2.8576279102391,2.00974686394295,3.58073304276799,19.3308286045997,13.2483344000928,24.1960204404538,0.00283333333333333,38.3768369833684,37.6309652011359,39.8456791811444,5e-04,0.053719528851195,-1.27653856797745,41.2594738627249,5.11654743197969,0.0519509174797196,-1.21995879861314,41.2364956240022,4.79041736949186
"18","18.E11",4.73536596914093,-9.46083163091548,12.3532365187031,0.00483333333333333,41.2263470005256,40.3047280787742,42.2867152761614,0,33.6143305834825,32.4367395652739,36.0002363326477,3.29575396184151,2.63685265770227,3.98472118124957,20.5778535883515,16.7671313733398,24.1434983250311,0.000666666666666667,39.5339370609085,38.7705885129856,40.4545292628955,0,0.0537835195403439,-1.28522447293829,42.1810036610715,4.71602298197224,0.0530816825505,-1.25163585148504,42.1268132303752,4.49634474411252
"26","26.F11",7.14846502869035,2.90334260096046,11.6808983791988,0.0015,40.0575067902015,39.8023826625625,40.3922757848296,0,33.6765491165041,32.2686762293338,34.8502983786649,3.71764383142627,3.24635736791153,4.09465840525704,22.0352071197617,19.8100923842482,23.6999430524093,0.000333333333333333,38.6498095584803,38.1407084382925,39.0777844615427,0,0.0553846164162577,-1.48552033664994,40.8269447062784,3.52631635984708,0.0557692214400391,-1.4874538066981,40.8551963392678,3.617301080354
"anc4","anc4.B11",5.63723502120571,-1.75091071403231,12.9732410133569,0.00266666666666667,40.2401897045078,39.8571522632427,40.8118104495952,0,34.2385232749997,32.1915181680059,36.2955142989056,3.98607018860341,3.24355411330694,4.75981262048878,22.4063442370208,19.2562161754247,25.8310187675868,0.000166666666666667,38.9616781403109,38.3532952394511,39.642256579459,0,0.05417896989848,-1.35702067568033,40.8599484342779,3.09490923334342,0.0548073717002026,-1.36202489451506,40.922422482106,3.24115453375442
"15","15.C11",6.30964270210948,-6.24521689335351,13.33979880103,0.00866666666666667,40.3878590088963,39.8021114945548,41.3116535596989,0,33.4499403921269,31.9152629435937,35.8654889608573,4.03615264581717,3.08567412140588,4.90261945183628,21.4627495361167,18.0800078931258,25.4572137503806,0.00116666666666667,38.8676670524377,38.1517854954017,39.7502952169549,0,0.059229485104982,-1.44680954489543,41.1843449368229,4.2236032565392,0.0589409605917382,-1.41587313859338,41.1961686048534,4.14151381298536
"10","10.D11",3.38806019333714,-3.44226983368411,10.0062318197665,0.00366666666666667,40.1588598138555,39.9200463440982,40.6794683458936,0,34.7429265040947,32.2724761138813,36.6592626889066,3.7329205689578,3.07933603333334,4.36454698176401,22.5179136340149,19.6191833109747,25.674143302221,0.000333333333333333,39.0375607609579,38.4176674942924,39.6265027065482,0,0.0495134064166297,-1.18146119701211,40.6568165173659,2.47553978151983,0.0500745281126241,-1.19760434594721,40.72451018927,2.63364681606605
"16","16.E11",6.04511393731835,-3.14442345339568,11.754410103286,0.00416666666666667,40.1886142433982,39.7449147000706,40.6799301151984,0,32.9725426436899,31.867127323325,34.7107721496756,3.91124774654954,3.33816803753667,4.51111826195693,20.847725788949,18.4565154969082,23.5249266842052,0.000833333333333333,38.5650672359499,38.014521489455,39.1968758928683,0,0.0604978090533801,-1.43465389250753,41.0256216674707,4.54140805949088,0.0601441733017797,-1.40619844109893,41.0236439046734,4.464898409454
