"population","rep.ID","Parameter","mean","Rhat","n.eff"
"25","25.B02","K_s",10.5214937174747,1.00124737010523,4700
"25","25.B02","deviance",-6.14602374051721,1.00100474063293,6000
"25","25.B02","r_max",1.71138622941127,1.00141231896085,3800
"6","6.C02","K_s",7.14193281102937,1.00098079105214,6000
"6","6.C02","deviance",-13.7333114018983,1.00108778448804,5900
"6","6.C02","r_max",1.50465923052921,1.00100650412974,6000
"24","24.D02","K_s",24.1629879677206,1.0010346491545,6000
"24","24.D02","deviance",3.58425176599082,1.00130921704836,4300
"24","24.D02","r_max",1.67887641868754,1.00060271967488,6000
"1","1.E02","K_s",7.5032717259959,1.00118540934638,6000
"1","1.E02","deviance",-3.94276050160907,1.00151144387758,3500
"1","1.E02","r_max",1.51432626325335,1.00116774482462,5200
"25","25.F02","K_s",6.07308626465796,1.00134414985565,4100
"25","25.F02","deviance",-7.9106603362096,1.00212065357211,2200
"25","25.F02","r_max",1.55967656424079,1.00071837895964,6000
"11","11.G02","K_s",11.5078214573794,1.0008042858633,6000
"11","11.G02","deviance",2.28031764320877,1.00130938463072,4300
"11","11.G02","r_max",1.61837153294719,1.00089890226449,6000
"28","28.B02","K_s",10.2340922855099,1.00091912635146,6000
"28","28.B02","deviance",5.37821767040026,1.00065979991148,6000
"28","28.B02","r_max",1.49617219296348,1.00074543474338,6000
"21","21.C02","K_s",3.92401752374015,1.00124555729238,4700
"21","21.C02","deviance",-9.1242408622844,1.00142422916572,3800
"21","21.C02","r_max",1.66334806661028,1.00084341375238,6000
"18","18.D02","K_s",11.9879253566486,1.00096428603898,6000
"18","18.D02","deviance",-2.44179321827831,1.00123673581527,4700
"18","18.D02","r_max",1.72550025379593,1.00132106928798,4300
"26","26.E02","K_s",11.4231667874394,1.001132179854,5500
"26","26.E02","deviance",-0.977683640725115,1.00089154681749,6000
"26","26.E02","r_max",1.63476613360934,1.0008631557163,6000
"28","28.F02","K_s",5.71698069510497,1.00123372445112,6000
"28","28.F02","deviance",-20.9973621676539,1.00113054990877,5500
"28","28.F02","r_max",1.5930245607892,1.00072501730656,6000
"27","27.G02","K_s",25.7088630139056,1.0013252488207,4200
"27","27.G02","deviance",3.65492187133893,1.00113624639717,5500
"27","27.G02","r_max",1.72283313808647,1.00103620517058,6000
"15","15.B02","K_s",25.1196504673967,1.00111251626563,5700
"15","15.B02","deviance",-0.928902825531537,1.00077004656849,6000
"15","15.B02","r_max",1.90807102267852,1.00079465287676,6000
"10","10.C02","K_s",14.7674536326207,1.00132037067055,4300
"10","10.C02","deviance",1.90371242404839,1.00073946194732,6000
"10","10.C02","r_max",1.5977692756355,1.00152575004758,3400
"29","29.D02","K_s",2.01502444788846,1.00097855661238,6000
"29","29.D02","deviance",-16.3717479699948,1.00095325429695,6000
"29","29.D02","r_max",1.55489053589959,1.00117679545944,5200
"anc4","anc4.E02","K_s",8.74447007510195,1.00140337971811,3900
"anc4","anc4.E02","deviance",0.869555494896805,1.00074130009755,6000
"anc4","anc4.E02","r_max",1.55160117466936,1.00134688362092,4100
"15","15.F02","K_s",8.53334479611918,1.00099992623818,6000
"15","15.F02","deviance",-9.76352943228895,1.00156958763879,3300
"15","15.F02","r_max",1.36483233209928,1.00094148216311,6000
"19","19.B03","K_s",14.073224615894,1.00082118629849,6000
"19","19.B03","deviance",-3.33082112075099,1.00112068997187,5600
"19","19.B03","r_max",1.58697438448189,1.00099079500913,6000
"33","33.C03","K_s",15.0271891038936,1.00095284477116,6000
"33","33.C03","deviance",3.06265440633517,1.00099376698521,6000
"33","33.C03","r_max",1.64053116837568,1.00122147469496,4800
"8","8.D03","K_s",3.46759196650183,1.00084800718112,6000
"8","8.D03","deviance",-4.16846618641026,1.00093113154563,6000
"8","8.D03","r_max",1.50112294605099,1.00154420259403,3400
"25","25.E03","K_s",5.89679822037133,1.00168840736759,6000
"25","25.E03","deviance",-8.27313393819863,1.00093493102676,6000
"25","25.E03","r_max",1.54635588849974,1.00072644004472,6000
"19","19.F03","K_s",13.3557892922667,1.00154396741621,3400
"19","19.F03","deviance",4.33589957180007,1.00125272883306,4600
"19","19.F03","r_max",1.4882361048665,1.00139371568052,3900
"33","33.G03","K_s",6.64240235233174,1.00185005132767,6000
"33","33.G03","deviance",-1.26246997566051,1.00210228831858,2200
"33","33.G03","r_max",1.54411238207613,1.00104795848851,6000
"4","4.B03","K_s",30.1146128785721,1.00090451324923,6000
"4","4.B03","deviance",1.38065151445941,1.00070056383751,6000
"4","4.B03","r_max",1.85220533596889,1.0007633632013,6000
"9","9.C03","K_s",14.8644626546637,1.00081788225269,6000
"9","9.C03","deviance",-3.26128172723506,1.00130645104866,4300
"9","9.C03","r_max",1.71271352775207,1.00109036041413,5900
"22","22.D03","K_s",16.0204609664532,1.00142360325619,3800
"22","22.D03","deviance",-6.17546143566912,1.00101670160505,6000
"22","22.D03","r_max",1.81803302289447,1.00080209945455,6000
"28","28.E03","K_s",7.70099345943343,1.00112105767386,5600
"28","28.E03","deviance",-3.46375505990786,1.00184036702381,2600
"28","28.E03","r_max",1.66387442536329,1.00084783298124,6000
"4","4.F03","K_s",21.316513264106,1.00067374062659,6000
"4","4.F03","deviance",1.08150458106071,1.00117023118818,5200
"4","4.F03","r_max",1.89787209630972,1.00088819035067,6000
"9","9.G03","K_s",10.3066348535867,1.0013463851202,4100
"9","9.G03","deviance",-13.008900745238,1.00134610344826,4100
"9","9.G03","r_max",1.61616965934673,1.00133228214667,4200
"3","3.B03","K_s",6.33321076748552,1.00134893889911,4100
"3","3.B03","deviance",-10.0048393684778,1.00055379182305,6000
"3","3.B03","r_max",1.5890015971295,1.00176362324614,2800
"30","30.C03","K_s",4.2985955736751,1.00109487590969,5900
"30","30.C03","deviance",-0.95479684839422,1.00066396077573,6000
"30","30.C03","r_max",1.53572073163448,1.00090686986996,6000
"20","20.D03","K_s",13.2313944342558,1.0008229839342,6000
"20","20.D03","deviance",-1.39821683049193,1.00144067308542,3700
"20","20.D03","r_max",1.52967011292256,1.00170990323498,2900
"30","30.E03","K_s",2.44833814399526,1.00191015498186,2500
"30","30.E03","deviance",1.30132409757063,1.00077311754133,6000
"30","30.E03","r_max",1.40351754574532,1.00134659217852,4100
"7","7.F03","K_s",7.06599103653637,1.00074820363372,6000
"7","7.F03","deviance",-1.79614688702238,1.00103936170767,6000
"7","7.F03","r_max",1.49004221754388,1.00113195669626,5500
"14","14.B04","K_s",12.6265748778427,1.00169857987978,5900
"14","14.B04","deviance",-3.12719255423805,1.00050558074193,6000
"14","14.B04","r_max",1.60534216038791,1.00110642919394,5800
"32","32.C04","K_s",10.9874986221394,1.00059618409404,6000
"32","32.C04","deviance",0.493543291020387,1.00178325314774,2700
"32","32.C04","r_max",1.722245667052,1.00066939253565,6000
"19","19.D04","K_s",6.14264984041551,1.00087591486935,6000
"19","19.D04","deviance",-12.6669772406564,1.00109127403911,5900
"19","19.D04","r_max",1.4402620728052,1.00085034031768,6000
"6","6.F04","K_s",3.03923082031571,1.00115939748513,5300
"6","6.F04","deviance",-5.0014594305939,1.00088180192277,6000
"6","6.F04","r_max",1.33514767189362,1.00118885098065,5100
"31","31.B04","K_s",21.1183443277786,1.000777562791,6000
"31","31.B04","deviance",-1.35677776369978,1.00071063511033,6000
"31","31.B04","r_max",1.81595912826779,1.00105875379919,6000
"35","35.C04","K_s",6.62258885496756,1.00081182396633,6000
"35","35.C04","deviance",-12.7156092495602,1.00077331306279,6000
"35","35.C04","r_max",1.54992891159385,1.00076187203497,6000
"4","4.D04","K_s",14.1885889831254,1.00091416153024,6000
"4","4.D04","deviance",-5.93619299078508,1.00115320404047,5300
"4","4.D04","r_max",1.79555575765718,1.00108395530586,6000
"2","2.E04","K_s",15.7756129173747,1.00116951688185,5200
"2","2.E04","deviance",-11.0645224532463,1.00061456847087,6000
"2","2.E04","r_max",1.77163681838659,1.00086844135401,6000
"21","21.F04","K_s",2.9296112480576,1.00068800694698,6000
"21","21.F04","deviance",-11.3005642186674,1.00102820606992,6000
"21","21.F04","r_max",1.59812829609669,1.0009434485965,6000
"cc1690","cc1690.B04","K_s",13.0352199628943,1.00179989024844,2700
"cc1690","cc1690.B04","deviance",-2.14799894963015,1.00089840144304,6000
"cc1690","cc1690.B04","r_max",1.54494651598687,1.00164491933703,3100
"5","5.C04","K_s",12.7802180335282,1.00070722513838,6000
"5","5.C04","deviance",-2.76866192985863,1.00173710099742,2800
"5","5.C04","r_max",1.43092665709185,1.00130166720817,4400
"anc4","anc4.D04","K_s",7.82195846072285,1.00070040486611,6000
"anc4","anc4.D04","deviance",-11.3720722807249,1.00111496789176,5700
"anc4","anc4.D04","r_max",1.35684115217318,1.00083262356835,6000
"16","16.E04","K_s",8.53015083834843,1.00094519959311,6000
"16","16.E04","deviance",-3.66836990546235,1.00097122341856,6000
"16","16.E04","r_max",1.52971118486236,1.00152160707663,3400
"29","29.F04","K_s",2.71730059906508,1.00193381883895,6000
"29","29.F04","deviance",-8.80096977007127,1.00160694555625,3200
"29","29.F04","r_max",1.3022246155082,1.00136253391388,4100
"8","8.B05","K_s",4.10971416500799,1.00086956907402,6000
"8","8.B05","deviance",-13.3141924383956,1.00085678484941,6000
"8","8.B05","r_max",1.44209177352264,1.00084541721504,6000
"25","25.C05","K_s",7.21816639068851,1.00082146140446,6000
"25","25.C05","deviance",-8.47345706060471,1.00151916882136,3400
"25","25.C05","r_max",1.54176006826259,1.00133459073985,4200
"33","33.D05","K_s",2.63219526509449,1.00064044717094,6000
"33","33.D05","deviance",-3.02815080648651,1.00091375369293,6000
"33","33.D05","r_max",1.36360723878316,1.00075402844595,6000
"23","23.E05","K_s",5.68575973149004,1.00060217214971,6000
"23","23.E05","deviance",-5.4435141646933,1.00075447848705,6000
"23","23.E05","r_max",1.55273292971603,1.00082632953131,6000
"anc5","anc5.F05","K_s",12.1744245562068,1.00109786147446,5800
"anc5","anc5.F05","deviance",2.66260847036138,1.00087283753729,6000
"anc5","anc5.F05","r_max",1.56163592005314,1.00058881694113,6000
"22","22.B05","K_s",13.3625208585327,1.00095917307385,6000
"22","22.B05","deviance",-10.2624817573705,1.00171148684781,2900
"22","22.B05","r_max",1.74827147766461,1.00109265264317,5900
"28","28.C05","K_s",7.16432809064009,1.00087841673344,6000
"28","28.C05","deviance",2.70356183742416,1.00107345686379,6000
"28","28.C05","r_max",1.75757077111871,1.00135994163523,4100
"9","9.D05","K_s",10.4337699397956,1.00077466083838,6000
"9","9.D05","deviance",-0.135599429484259,1.00081242296483,6000
"9","9.D05","r_max",1.64088482914274,1.00088573781302,6000
"anc2","anc2.E05","K_s",7.68647243174454,1.00099300010511,6000
"anc2","anc2.E05","deviance",0.676672605051799,1.00108305952707,6000
"anc2","anc2.E05","r_max",1.59601316129233,1.00128385984663,4500
"17","17.F05","K_s",1.57347661552037,1.00074640379538,6000
"17","17.F05","deviance",-10.9553395475685,1.00075098231426,6000
"17","17.F05","r_max",1.6106023898602,1.00090632054754,6000
"16","16.B05","K_s",9.14067658879868,1.0012137186683,4900
"16","16.B05","deviance",2.8631978841701,1.000718839942,6000
"16","16.B05","r_max",1.42708747770851,1.00090766663883,6000
"cc1690","cc1690.C05","K_s",5.23847489475146,1.00073275862141,6000
"cc1690","cc1690.C05","deviance",-5.25967199159572,1.00124183405553,4700
"cc1690","cc1690.C05","r_max",1.50807137538323,1.00090619476787,6000
"10","10.D05","K_s",4.03115481350514,1.00102425097297,6000
"10","10.D05","deviance",-1.27484642791078,1.0007146017586,6000
"10","10.D05","r_max",1.29804355146111,1.00093956452265,6000
"cc1690","cc1690.E05","K_s",7.00198319010805,1.0028478048215,1500
"cc1690","cc1690.E05","deviance",-19.1934140906093,1.00085053435748,6000
"cc1690","cc1690.E05","r_max",1.49723911838353,1.00287926979209,1500
"anc3","anc3.F05","K_s",9.50836836299721,1.00107750879966,6000
"anc3","anc3.F05","deviance",-3.38253453651784,1.00064744982167,6000
"anc3","anc3.F05","r_max",1.45001174250733,1.00073367095474,6000
"23","23.B06","K_s",7.70374765819532,1.00130209807655,4400
"23","23.B06","deviance",1.45385015393568,1.00083546897786,6000
"23","23.B06","r_max",1.56756863904264,1.00132721229959,4200
"1","1.C06","K_s",7.45448569561396,1.0006185893401,6000
"1","1.C06","deviance",-0.477629236292572,1.00056030651006,6000
"1","1.C06","r_max",1.45706951324221,1.00069192467209,6000
"14","14.D06","K_s",8.09225109811289,1.00085839738682,6000
"14","14.D06","deviance",-7.19702130530482,1.0006752200803,6000
"14","14.D06","r_max",1.44859257280454,1.00113670636785,5500
"24","24.E06","K_s",21.2218993783656,1.00142647995068,3800
"24","24.E06","deviance",5.31219050179986,1.00110016315033,5800
"24","24.E06","r_max",1.61849904358925,1.00122699916262,4800
"8","8.F06","K_s",2.28746236114924,1.0009549523444,6000
"8","8.F06","deviance",-12.2037457380271,1.00131597459304,4300
"8","8.F06","r_max",1.34635454386339,1.00155300782163,3300
"anc2","anc2.B06","K_s",14.345937512476,1.0009989897442,6000
"anc2","anc2.B06","deviance",0.519581534262887,1.00082106832913,6000
"anc2","anc2.B06","r_max",1.75534930514256,1.00065019936406,6000
"26","26.C06","K_s",7.1544332174624,1.00135271493475,4100
"26","26.C06","deviance",1.43821716023096,1.00218008139754,2100
"26","26.C06","r_max",1.5182590188644,1.00093598423105,6000
"31","31.D06","K_s",6.61701937800906,1.00226448035488,4100
"31","31.D06","deviance",-4.86317113455769,1.00073151781188,6000
"31","31.D06","r_max",1.49778885504873,1.00165820583632,3000
"18","18.E06","K_s",9.84955511921534,1.00145349378166,3700
"18","18.E06","deviance",2.48865216751374,1.00086870467559,6000
"18","18.E06","r_max",1.58147051315963,1.00114032634668,5500
"22","22.F06","K_s",6.95156102113925,1.00179283795797,2700
"22","22.F06","deviance",-1.76531116235476,1.00056537315812,6000
"22","22.F06","r_max",1.57714719020515,1.00080480685822,6000
"20","20.B06","K_s",13.5202460205552,1.0011970609351,5000
"20","20.B06","deviance",-7.46517676047356,1.00101475200105,6000
"20","20.B06","r_max",1.64930799107954,1.00074655530111,6000
"anc3","anc3.C06","K_s",12.7640815429652,1.0008591192582,6000
"anc3","anc3.C06","deviance",-4.66678589918078,1.00085230562665,6000
"anc3","anc3.C06","r_max",1.60082373128309,1.00062594757935,6000
"5","5.D06","K_s",18.565260133841,1.00092561008845,6000
"5","5.D06","deviance",-3.73067120552843,1.00175297463052,2800
"5","5.D06","r_max",1.40717701619707,1.00071446553087,6000
"29","29.E06","K_s",2.38918673181577,1.00054491848395,6000
"29","29.E06","deviance",-8.32586469765163,1.00113051017206,5500
"29","29.E06","r_max",1.46940373614839,1.00074672774769,6000
"anc4","anc4.F06","K_s",3.97737078826139,1.00113063503598,5500
"anc4","anc4.F06","deviance",-10.9390348191886,1.00117077422022,5200
"anc4","anc4.F06","r_max",1.36999216937721,1.0008333123925,6000
"11","11.B07","K_s",8.60835591565878,1.00222569915951,2000
"11","11.B07","deviance",0.348288463800816,1.00092171838496,6000
"11","11.B07","r_max",1.53240250520791,1.00652583438382,3400
"11","11.C07","K_s",6.57762109246745,1.00129358573941,4400
"11","11.C07","deviance",-3.45721592237188,1.00068023988315,6000
"11","11.C07","r_max",1.57395152830309,1.00159282726256,3200
"32","32.D07","K_s",7.03941041824555,1.00092995969374,6000
"32","32.D07","deviance",-3.95912260062564,1.00112380991866,5600
"32","32.D07","r_max",1.53524696602512,1.00116023312073,5300
"anc5","anc5.E07","K_s",9.2978613316779,1.00063099582478,6000
"anc5","anc5.E07","deviance",-5.50061055286139,1.00111517541208,5700
"anc5","anc5.E07","r_max",1.49813111802459,1.00070749882786,6000
"32","32.F07","K_s",10.8903513206921,1.00094931797931,6000
"32","32.F07","deviance",-1.59086357921902,1.00106294403879,6000
"32","32.F07","r_max",1.55969244146629,1.00063791870594,6000
"27","27.B07","K_s",25.4935841798791,1.00113019057395,5500
"27","27.B07","deviance",5.58058429720269,1.00089899941009,6000
"27","27.B07","r_max",1.82245119230228,1.00146183523708,3600
"27","27.C07","K_s",22.3002744444666,1.00081365276414,6000
"27","27.C07","deviance",11.6712283013289,1.00069383952241,6000
"27","27.C07","r_max",1.65123319312842,1.00093242843419,6000
"35","35.D07","K_s",7.08652709544126,1.00091626029462,6000
"35","35.D07","deviance",-8.83816597095839,1.00067845825349,6000
"35","35.D07","r_max",1.54377899361329,1.00109330431903,5900
"17","17.E07","K_s",2.61242650878,1.00119812986458,5000
"17","17.E07","deviance",-3.81877310112328,1.00105221456835,6000
"17","17.E07","r_max",1.55341720466849,1.00155210385275,3300
"35","35.F07","K_s",5.65672000549363,1.0012595242787,4600
"35","35.F07","deviance",-5.53228689871609,1.00181881110699,2700
"35","35.F07","r_max",1.4074416847399,1.00112702530658,5600
"anc3","anc3.B07","K_s",11.7775721802727,1.00108181802419,6000
"anc3","anc3.B07","deviance",-3.32218601388586,1.00069346788954,6000
"anc3","anc3.B07","r_max",1.63575968787378,1.00076505526336,6000
"7","7.C07","K_s",8.24362698894518,1.00108420439477,6000
"7","7.C07","deviance",-4.31425215061957,1.00114306639733,5400
"7","7.C07","r_max",1.46119769607936,1.00059632465094,6000
"anc3","anc3.D07","K_s",5.33408876043665,1.00136349858293,4000
"anc3","anc3.D07","deviance",-5.3261288790449,1.00075781609537,6000
"anc3","anc3.D07","r_max",1.36871779185149,1.0006041666195,6000
"15","15.E07","K_s",11.6345743137943,1.00067710906445,6000
"15","15.E07","deviance",-7.09291428181711,1.00099747082888,6000
"15","15.E07","r_max",1.48572804061727,1.000834290029,6000
"cc1690","cc1690.F07","K_s",8.01624645268498,1.00097552159615,6000
"cc1690","cc1690.F07","deviance",-21.2622950887347,1.00066588932558,6000
"cc1690","cc1690.F07","r_max",1.47093485071363,1.00109734906543,5800
"anc5","anc5.B08","K_s",10.0542285899246,1.00131954611818,4900
"anc5","anc5.B08","deviance",-2.89193536858867,1.00112345168101,5600
"anc5","anc5.B08","r_max",1.55395098092882,1.00100228618559,6000
"32","32.D08","K_s",12.5300956160914,1.00116036623404,5300
"32","32.D08","deviance",-10.8286189089551,1.00096295282657,6000
"32","32.D08","r_max",1.56456978741824,1.00092109138741,6000
"33","33.E08","K_s",11.1826107791502,1.00087521267731,6000
"33","33.E08","deviance",-1.91694559805131,1.00075229252779,6000
"33","33.E08","r_max",1.51590744771206,1.00065857925206,6000
"14","14.F08","K_s",9.21652445322797,1.00100570289637,6000
"14","14.F08","deviance",-0.459011115149442,1.00149616166744,3500
"14","14.F08","r_max",1.45900341226259,1.00075629355936,6000
"17","17.B08","K_s",1.99939037766623,1.00110747621996,5700
"17","17.B08","deviance",-10.5432254292986,1.00075870627452,6000
"17","17.B08","r_max",1.5458579550259,1.00123526301049,4800
"2","2.C08","K_s",12.0814753931662,1.00078889842945,6000
"2","2.C08","deviance",2.57482650499055,1.00060801832423,6000
"2","2.C08","r_max",1.63756505852923,1.00084236529888,6000
"35","35.D08","K_s",5.20843007184186,1.00085775133521,6000
"35","35.D08","deviance",-12.120322918362,1.00078059707068,6000
"35","35.D08","r_max",1.48661385011002,1.00114496621627,5400
"9","9.E08","K_s",9.56690131085126,1.00090057149885,6000
"9","9.E08","deviance",-1.3260546658717,1.0008105820043,6000
"9","9.E08","r_max",1.57020851092559,1.00077312611162,6000
"31","31.F08","K_s",6.41051971144275,1.00113368038452,5500
"31","31.F08","deviance",-4.15065602718818,1.00117697141817,5200
"31","31.F08","r_max",1.50386259394442,1.00091433915162,6000
"7","7.B08","K_s",13.6223932170203,1.00099616155987,6000
"7","7.B08","deviance",-7.15936003089891,1.00150501011537,3500
"7","7.B08","r_max",1.59316946071011,1.00098363226792,6000
"16","16.C08","K_s",5.53575192613069,1.00093430747932,6000
"16","16.C08","deviance",-6.71128167856033,1.00169744931746,2900
"16","16.C08","r_max",1.39093510497833,1.00140387147338,3900
"20","20.D08","K_s",6.87641661171872,1.00117855689541,5100
"20","20.D08","deviance",-9.95981746593142,1.00110722649795,5800
"20","20.D08","r_max",1.31051720769215,1.00101202891407,6000
"30","30.E08","K_s",2.77730191843463,1.00105267358799,6000
"30","30.E08","deviance",-14.8105958614884,1.00068595859321,6000
"30","30.E08","r_max",1.40523352754042,1.00073644486343,6000
"10","10.F08","K_s",5.94803831877621,1.00066900226173,6000
"10","10.F08","deviance",-6.01222402966175,1.00127206451791,4500
"10","10.F08","r_max",1.39006808142483,1.00100686883332,6000
"1","1.B09","K_s",14.7859141921765,1.00080527690257,6000
"1","1.B09","deviance",2.09330586757391,1.00065287311561,6000
"1","1.B09","r_max",1.61434294494162,1.00108003945426,6000
"6","6.C09","K_s",4.99968913063185,1.00140326008717,3900
"6","6.C09","deviance",-2.64571178170944,1.00116125818963,5300
"6","6.C09","r_max",1.46517410223716,1.00087190423158,6000
"14","14.D09","K_s",10.0547319053976,1.00114514387157,5400
"14","14.D09","deviance",-4.9995742361725,1.00071799292935,6000
"14","14.D09","r_max",1.51350915311791,1.00106051967684,6000
"6","6.E09","K_s",7.68355386268699,1.00096356911118,6000
"6","6.E09","deviance",3.42351187537234,1.00078788917797,6000
"6","6.E09","r_max",1.45760227892043,1.0009432935199,6000
"26","26.B09","K_s",12.4967288123943,1.00083018736195,6000
"26","26.B09","deviance",5.04152147563931,1.00154373413501,3400
"26","26.B09","r_max",1.64858286115839,1.00113706394265,5500
"21","21.C09","K_s",3.65469567842386,1.00143991867373,3700
"21","21.C09","deviance",-0.169684964723938,1.00074559902989,6000
"21","21.C09","r_max",1.65652008168598,1.00140027850128,3900
"31","31.D09","K_s",9.37530057478072,1.00115324681998,5300
"31","31.D09","deviance",3.35437785805784,1.00098086166926,6000
"31","31.D09","r_max",1.55770063797256,1.00059866274449,6000
"21","21.E09","K_s",5.14842076184294,1.00104931581871,6000
"21","21.E09","deviance",-5.47095387173901,1.00114839737903,5400
"21","21.E09","r_max",1.59460387696368,1.00175820288603,2800
"2","2.F09","K_s",9.6923786959303,1.00236192622443,2600
"2","2.F09","deviance",0.967803621828773,1.00103817969606,6000
"2","2.F09","r_max",1.58491472919542,1.00148244504064,3600
"5","5.B09","K_s",21.614506637897,1.00166848539462,3000
"5","5.B09","deviance",-11.6548430891393,1.00112158337018,5600
"5","5.B09","r_max",1.61169242732156,1.00086686539761,6000
"30","30.C09","K_s",11.0136329909959,1.00084823738761,6000
"30","30.C09","deviance",-4.18297113465133,1.00170523182651,2900
"30","30.C09","r_max",1.56895483912667,1.00081575676425,6000
"3","3.D09","K_s",3.01256393925223,1.00090388975573,6000
"3","3.D09","deviance",-23.3617857772147,1.00066118231335,6000
"3","3.D09","r_max",1.35230932130336,1.00056537161915,6000
"20","20.E09","K_s",9.44749968934212,1.00303859886449,1400
"20","20.E09","deviance",-10.2622438614696,1.00104855920017,6000
"20","20.E09","r_max",1.41498019624229,1.00278304194195,1500
"3","3.F09","K_s",2.3032222909631,1.00140133199333,3900
"3","3.F09","deviance",-4.6537741752311,1.00056858154344,6000
"3","3.F09","r_max",1.41640854637911,1.00061760476524,6000
"23","23.C10","K_s",8.39370300985048,1.00067850235403,6000
"23","23.C10","deviance",1.80118779655607,1.00278044958263,1700
"23","23.C10","r_max",1.71043775987312,1.00076028411842,6000
"19","19.D10","K_s",14.5128827024904,1.0010442385552,6000
"19","19.D10","deviance",13.8499163585468,1.0006866129919,6000
"19","19.D10","r_max",1.69545547806554,1.00078314172179,6000
"8","8.E10","K_s",3.35536794630767,1.00093698920247,6000
"8","8.E10","deviance",-8.87915645118099,1.00101630139267,6000
"8","8.E10","r_max",1.37219879444706,1.00134537487655,4100
"23","23.F10","K_s",4.88135714839653,1.00120488031454,5000
"23","23.F10","deviance",0.100076564757205,1.00071895246916,6000
"23","23.F10","r_max",1.58641840490904,1.00154412558427,3400
"2","2.B10","K_s",14.2457741865807,1.00076119893794,6000
"2","2.B10","deviance",1.22515874773316,1.00113118159255,5500
"2","2.B10","r_max",1.55356067825153,1.00105980515004,6000
"anc2","anc2.C10","K_s",8.17911529683837,1.00141520553196,3800
"anc2","anc2.C10","deviance",-8.87191672281119,1.00115385280834,5300
"anc2","anc2.C10","r_max",1.59479325506122,1.00143461658539,3700
"4","4.D10","K_s",17.5336413387627,1.00177259427375,6000
"4","4.D10","deviance",-0.385412261675502,1.00098069790229,6000
"4","4.D10","r_max",1.68504125622854,1.00090750985116,6000
"22","22.E10","K_s",9.76456901407871,1.00087286543557,6000
"22","22.E10","deviance",-6.1157611123363,1.00088948197911,6000
"22","22.E10","r_max",1.56634389213577,1.00076812909707,6000
"anc2","anc2.F10","K_s",6.66845350040529,1.00054917907202,6000
"anc2","anc2.F10","deviance",-7.36339294703979,1.00086571183377,6000
"anc2","anc2.F10","r_max",1.51889912938202,1.00064881488521,6000
"29","29.B10","K_s",5.26125651609394,1.00094886183607,6000
"29","29.B10","deviance",-0.402200580909552,1.00083608449976,6000
"29","29.B10","r_max",1.50125278764372,1.00149270241416,3500
"3","3.C10","K_s",1.40684700229093,1.00131052394743,6000
"3","3.C10","deviance",-8.60637559212879,1.00091570993748,6000
"3","3.C10","r_max",1.39195311369001,1.00149267527465,3500
"7","7.D10","K_s",6.10814203135978,1.00059639909153,6000
"7","7.D10","deviance",-14.9682900600969,1.00132082491919,4300
"7","7.D10","r_max",1.34932203787395,1.00084882862532,6000
"5","5.E10","K_s",10.9786405211339,1.00085264400218,6000
"5","5.E10","deviance",-3.27332731541836,1.00213000003464,2100
"5","5.E10","r_max",1.37778735088937,1.00091785558358,6000
"24","24.B11","K_s",21.011850704167,1.00089710637709,6000
"24","24.B11","deviance",-1.80751493302179,1.00100260119812,6000
"24","24.B11","r_max",1.75846545915871,1.00176908704715,2800
"anc5","anc5.C11","K_s",11.5742837306782,1.00207808783411,2200
"anc5","anc5.C11","deviance",-5.04328725712831,1.00118495684952,5100
"anc5","anc5.C11","r_max",1.56082978992555,1.0013013722837,4400
"11","11.D11","K_s",5.67559421657395,1.00092405873107,6000
"11","11.D11","deviance",0.720199533937353,1.00065234158239,6000
"11","11.D11","r_max",1.60584205010727,1.00067674588678,6000
"24","24.E11","K_s",29.2301113792128,1.00067431077127,6000
"24","24.E11","deviance",3.99892728426537,1.0012295829694,4800
"24","24.E11","r_max",1.66702378045599,1.00120835074419,4900
"1","1.F11","K_s",9.52715831835692,1.00068619462437,6000
"1","1.F11","deviance",-10.9599638747603,1.00114854016843,5400
"1","1.F11","r_max",1.48519169579185,1.00080845813733,6000
"18","18.B11","K_s",5.1528096505544,1.00088158321111,6000
"18","18.B11","deviance",-7.90733264088143,1.00142930448558,4700
"18","18.B11","r_max",1.4470665682698,1.00119343598348,5000
"17","17.C11","K_s",4.06200299260119,1.00111211148317,5700
"17","17.C11","deviance",-5.15881561674617,1.00139275051232,3900
"17","17.C11","r_max",1.6744016081379,1.00102280382022,6000
"27","27.D11","K_s",20.0626546160401,1.00151407593271,3500
"27","27.D11","deviance",3.38578897082188,1.0012002025211,5000
"27","27.D11","r_max",1.64815256335878,1.001021362992,6000
"18","18.E11","K_s",5.63426711003024,1.00068708093188,6000
"18","18.E11","deviance",-3.45458215657272,1.00118065332484,5100
"18","18.E11","r_max",1.49761306744863,1.000638156144,6000
"26","26.F11","K_s",8.90802615764065,1.0013710212694,4000
"26","26.F11","deviance",-5.3943861264164,1.00113830198096,6000
"26","26.F11","r_max",1.54183902383886,1.00196664299261,2400
"anc4","anc4.B11","K_s",6.6692336505676,1.00159624437518,3200
"anc4","anc4.B11","deviance",-7.08391857729786,1.00115748438931,5300
"anc4","anc4.B11","r_max",1.41164674064955,1.00097515764851,6000
"15","15.C11","K_s",10.2216929976152,1.00084988915662,6000
"15","15.C11","deviance",-6.13369331912871,1.00058423712588,6000
"15","15.C11","r_max",1.47791452043396,1.00127919415232,4500
"10","10.D11","K_s",10.8137931284364,1.00102004718313,6000
"10","10.D11","deviance",1.62336007631415,1.00141816043002,4000
"10","10.D11","r_max",1.4766788255245,1.00061770317883,6000
"16","16.E11","K_s",6.57175371940605,1.00094198655309,6000
"16","16.E11","deviance",-8.38046308070895,1.00079607228966,6000
"16","16.E11","r_max",1.44081162775966,1.00074606225642,6000
