"","population","population.number","temperature","well.ID","r.gt","r.best.model"
"1","1",1,10,"B09_1",0.418092660742069,"gr"
"2","1",1,10,"C06_1",0.374127243188074,"gr"
"3","1",1,10,"E02_1",0.392262363445974,"gr"
"4","1",1,10,"F11_1",0.443912479762086,"gr"
"5","1",1,16,"B09_16",0.950927571504392,"gr.sat"
"6","1",1,16,"C06_16",1.05449897251177,"gr.lagsat"
"7","1",1,16,"E02_16",0.998401333536737,"gr.lagsat"
"8","1",1,16,"F11_16",0.861654863536355,"gr.sat"
"9","1",1,22,"B09_31",1.66286106427992,"gr.sat"
"10","1",1,22,"C06_31",1.53449956212854,"gr.sat"
"11","1",1,22,"E02_31",1.5240486204505,"gr.sat"
"12","1",1,22,"F11_31",1.21840789814454,"gr.sat"
"13","1",1,28,"B09_46",3.12672288774647,"gr.sat"
"14","1",1,28,"C06_46",3.24618267028627,"gr.sat"
"15","1",1,28,"E02_46",2.91734891151495,"gr.sat"
"16","1",1,28,"F11_46",2.8619814095455,"gr.sat"
"17","1",1,34,"B09_61",3.70886411323612,"gr.sat"
"18","1",1,34,"C06_61",3.82395413393036,"gr.sat"
"19","1",1,34,"E02_61",3.71035076483433,"gr.sat"
"20","1",1,34,"F11_61",4.03664867411333,"gr.sat"
"21","1",1,40,"B09_76",-0.799054022919884,"gr"
"22","1",1,40,"C06_76",1e-04,"gr.lagsat"
"23","1",1,40,"E02_76",-0.620668893222133,"gr"
"24","1",1,40,"F11_76",-0.589331102159005,"gr"
"25","10",2,10,"C02_11",0.49874817820444,"gr"
"26","10",2,10,"D05_11",0.483526288756706,"gr"
"27","10",2,10,"D11_11",0.421554216854237,"gr"
"28","10",2,10,"F08_11",0.38967735483984,"gr"
"29","10",2,16,"C02_26",0.993851276701303,"gr.sat"
"30","10",2,16,"D05_26",0.963258839997373,"gr.sat"
"31","10",2,16,"D11_26",1.03029640143361,"gr.sat"
"32","10",2,16,"F08_26",0.515524838981247,"gr"
"33","10",2,22,"C02_41",1.33651397471273,"gr.sat"
"34","10",2,22,"D05_41",1.60754786670804,"gr.sat"
"35","10",2,22,"D11_41",1.58468585168165,"gr.sat"
"36","10",2,22,"F08_41",1.65400248965129,"gr.sat"
"37","10",2,28,"C02_56",2.53370913186923,"gr.sat"
"38","10",2,28,"D05_56",3.28518456988482,"gr.sat"
"39","10",2,28,"D11_56",2.54326325985193,"gr.sat"
"40","10",2,28,"F08_56",2.39300065640481,"gr.sat"
"41","10",2,34,"C02_71",2.35307403602654,"gr.sat"
"42","10",2,34,"D05_71",2.43295305482839,"gr.sat"
"43","10",2,34,"D11_71",2.53381373168594,"gr.sat"
"44","10",2,34,"F08_71",2.0144567392407,"gr.sat"
"45","10",2,40,"C02_86",-0.335886080173399,"gr"
"46","10",2,40,"D05_86",-0.766321354525118,"gr"
"47","10",2,40,"D11_86",-0.574004422941115,"gr"
"48","10",2,40,"F08_86",-0.584194743087243,"gr"
"49","11",3,10,"B07_1",0.282626753340412,"gr"
"50","11",3,10,"C07_1",0.291432376189828,"gr"
"51","11",3,10,"D11_1",0.372687527377641,"gr"
"52","11",3,10,"G02_1",0.202531348278521,"gr"
"53","11",3,16,"B07_16",1.11112278456894,"gr.sat"
"54","11",3,16,"C07_16",1.07296750297752,"gr.sat"
"55","11",3,16,"D11_16",1.15451073896017,"gr.sat"
"56","11",3,16,"G02_16",1.72576418978722,"gr.lagsat"
"57","11",3,22,"B07_31",1.5904779983109,"gr.sat"
"58","11",3,22,"C07_31",1.70663778103521,"gr.sat"
"59","11",3,22,"D11_31",2.15406732091413,"gr.sat"
"60","11",3,22,"G02_31",1.64946120835431,"gr.sat"
"61","11",3,28,"B07_46",2.73027373497062,"gr.sat"
"62","11",3,28,"C07_46",2.60919969350105,"gr.sat"
"63","11",3,28,"D11_46",2.55247255219327,"gr.sat"
"64","11",3,28,"G02_46",1.58767119920279,"gr.sat"
"65","11",3,34,"B07_61",3.23784531127627,"gr.sat"
"66","11",3,34,"C07_61",3.19094380446846,"gr.sat"
"67","11",3,34,"D11_61",-0.240587386986174,"gr"
"68","11",3,34,"G02_61",3.58017643509027,"gr.sat"
"69","11",3,40,"B07_76",-0.900623026365193,"gr"
"70","11",3,40,"C07_76",-0.887520962828949,"gr"
"71","11",3,40,"D11_76",-0.621828699214981,"gr"
"72","11",3,40,"G02_76",-0.692250945662274,"gr"
"73","14",4,10,"B04_1",0.314446296952238,"gr"
"74","14",4,10,"D06_1",0.348500406714026,"gr"
"75","14",4,10,"D09_1",0.358081839828517,"gr"
"76","14",4,10,"F08_1",0.332497687184142,"gr"
"77","14",4,16,"B04_16",1.06712839729402,"gr.sat"
"78","14",4,16,"D06_16",1.04118089747685,"gr.sat"
"79","14",4,16,"D09_16",1.02111722903925,"gr.sat"
"80","14",4,16,"F08_16",1.21763104429988,"gr.sat"
"81","14",4,22,"B04_31",2.09968434238248,"gr.sat"
"82","14",4,22,"D06_31",2.23219611803761,"gr.sat"
"83","14",4,22,"D09_31",2.1808138183824,"gr.sat"
"84","14",4,22,"F08_31",2.06192943527292,"gr.sat"
"85","14",4,28,"B04_46",3.12843234475005,"gr.sat"
"86","14",4,28,"D06_46",2.87224762272008,"gr.sat"
"87","14",4,28,"D09_46",3.26585806412381,"gr.sat"
"88","14",4,28,"F08_46",2.76107419098471,"gr.sat"
"89","14",4,34,"B04_61",3.6886415416873,"gr.sat"
"90","14",4,34,"D06_61",3.24194413590247,"gr.sat"
"91","14",4,34,"D09_61",3.40685297209162,"gr.sat"
"92","14",4,34,"F08_61",3.40893138978112,"gr.sat"
"93","14",4,40,"B04_76",-0.777129454741575,"gr"
"94","14",4,40,"D06_76",-0.527274210283031,"gr"
"95","14",4,40,"D09_76",-0.488308414251074,"gr"
"96","14",4,40,"F08_76",-0.778393918145978,"gr"
"97","15",5,10,"B02_11",0.439402120852687,"gr"
"98","15",5,10,"C11_11",0.372868706245294,"gr"
"99","15",5,10,"E07_11",0.334628285906996,"gr"
"100","15",5,10,"F02_11",0.414307612303133,"gr"
"101","15",5,16,"B02_26",0.792407887181892,"gr.sat"
"102","15",5,16,"C11_26",0.516472418257896,"gr"
"103","15",5,16,"E07_26",0.932984475258182,"gr.sat"
"104","15",5,16,"F02_26",0.986655034844613,"gr.sat"
"105","15",5,22,"B02_41",2.12128398987555,"gr.sat"
"106","15",5,22,"C11_41",2.25039444258513,"gr.sat"
"107","15",5,22,"E07_41",2.73549573814288,"gr.lagsat"
"108","15",5,22,"F02_41",2.84970341110656,"gr.lagsat"
"109","15",5,28,"B02_56",3.23761906650081,"gr.sat"
"110","15",5,28,"C11_56",3.02414549885161,"gr.sat"
"111","15",5,28,"E07_56",3.21972962889357,"gr.sat"
"112","15",5,28,"F02_56",2.35466835903085,"gr.sat"
"113","15",5,34,"B02_71",3.82480232999871,"gr.sat"
"114","15",5,34,"C11_71",3.70215732629318,"gr.sat"
"115","15",5,34,"E07_71",3.5353515488761,"gr.sat"
"116","15",5,34,"F02_71",3.34258210328043,"gr.sat"
"117","15",5,40,"B02_86",-0.696323609992402,"gr"
"118","15",5,40,"C11_86",-0.723254552319112,"gr"
"119","15",5,40,"E07_86",-0.794650693501309,"gr"
"120","15",5,40,"F02_86",1e-04,"gr.lagsat"
"121","16",6,10,"B05_11",0.454616542981366,"gr"
"122","16",6,10,"C08_11",0.401375297064932,"gr"
"123","16",6,10,"E04_11",0.43334255478369,"gr"
"124","16",6,10,"E11_11",0.368137989729114,"gr"
"125","16",6,16,"B05_26",1.0004421718268,"gr.sat"
"126","16",6,16,"C08_26",1.38658570794324,"gr.sat"
"127","16",6,16,"E04_26",0.551204848221877,"gr"
"128","16",6,16,"E11_26",1.01526244192983,"gr.sat"
"129","16",6,22,"B05_41",3.11172096278608,"gr.lagsat"
"130","16",6,22,"C08_41",1.97105512229656,"gr.sat"
"131","16",6,22,"E04_41",2.35806819800821,"gr.sat"
"132","16",6,22,"E11_41",2.20019669308511,"gr.sat"
"133","16",6,28,"B05_56",3.38634301217032,"gr.sat"
"134","16",6,28,"C08_56",3.63510839681357,"gr.sat"
"135","16",6,28,"E04_56",3.53344215492334,"gr.sat"
"136","16",6,28,"E11_56",3.03970886805279,"gr.sat"
"137","16",6,34,"B05_71",3.66676435354152,"gr.sat"
"138","16",6,34,"C08_71",3.53981489543454,"gr.sat"
"139","16",6,34,"E04_71",3.62862659208132,"gr.sat"
"140","16",6,34,"E11_71",3.93168284760803,"gr.sat"
"141","16",6,40,"B05_86",-0.46166282485389,"gr"
"142","16",6,40,"C08_86",-0.651545451654687,"gr"
"143","16",6,40,"E04_86",-0.662332262522491,"gr"
"144","16",6,40,"E11_86",-0.781952360607086,"gr"
"145","17",7,10,"B08_6",0.426588101796326,"gr"
"146","17",7,10,"C11_6",0.439919766018273,"gr"
"147","17",7,10,"E07_6",0.404121866561198,"gr"
"148","17",7,10,"F05_6",0.38461946099827,"gr"
"149","17",7,16,"B08_21",1.05493725454734,"gr.sat"
"150","17",7,16,"C11_21",1.00934768704814,"gr.sat"
"151","17",7,16,"E07_21",1.01373093485769,"gr.sat"
"152","17",7,16,"F05_21",1.0859228118672,"gr.sat"
"153","17",7,22,"B08_36",1.89974810075417,"gr.sat"
"154","17",7,22,"C11_36",1.83491037940671,"gr.sat"
"155","17",7,22,"E07_36",1.71001118916848,"gr.sat"
"156","17",7,22,"F05_36",1.81676103179494,"gr.sat"
"157","17",7,28,"B08_51",3.20536386946619,"gr.sat"
"158","17",7,28,"C11_51",3.36064577544438,"gr.sat"
"159","17",7,28,"E07_51",3.06597060825658,"gr.sat"
"160","17",7,28,"F05_51",3.0747038185301,"gr.sat"
"161","17",7,34,"B08_66",3.72386752570915,"gr.sat"
"162","17",7,34,"C11_66",4.24312138773121,"gr.sat"
"163","17",7,34,"E07_66",3.1825840348829,"gr.sat"
"164","17",7,34,"F05_66",3.39542275091302,"gr.sat"
"165","17",7,40,"B08_81",1e-04,"gr.lagsat"
"166","17",7,40,"C11_81",1e-04,"gr.lagsat"
"167","17",7,40,"E07_81",-0.784886888793887,"gr"
"168","17",7,40,"F05_81",-0.758047628574156,"gr"
"169","18",8,10,"B11_6",0.35216036502811,"gr"
"170","18",8,10,"D02_6",0.40191936337444,"gr"
"171","18",8,10,"E06_6",0.391623053347768,"gr"
"172","18",8,10,"E11_6",0.38474720315011,"gr"
"173","18",8,16,"B11_21",0.943373963620884,"gr.sat"
"174","18",8,16,"D02_21",0.963960416745428,"gr.sat"
"175","18",8,16,"E06_21",0.936522277727458,"gr.sat"
"176","18",8,16,"E11_21",0.924989998674732,"gr.sat"
"177","18",8,22,"B11_36",2.05084182756361,"gr.sat"
"178","18",8,22,"D02_36",1.66537646537091,"gr.sat"
"179","18",8,22,"E06_36",1.62214788412724,"gr.sat"
"180","18",8,22,"E11_36",1.94892318334444,"gr.sat"
"181","18",8,28,"B11_51",2.6882755990648,"gr.sat"
"182","18",8,28,"D02_51",1.57228425817906,"gr.sat"
"183","18",8,28,"E06_51",1.42013108401825,"gr.sat"
"184","18",8,28,"E11_51",1.55894091201827,"gr.sat"
"185","18",8,34,"B11_66",2.9278631209647,"gr.sat"
"186","18",8,34,"D02_66",2.73904237052502,"gr.sat"
"187","18",8,34,"E06_66",2.58884397234234,"gr.sat"
"188","18",8,34,"E11_66",2.67308968943684,"gr.sat"
"189","18",8,40,"B11_81",-0.467715744035539,"gr"
"190","18",8,40,"D02_81",-0.60368373784116,"gr"
"191","18",8,40,"E06_81",-0.546981257434304,"gr"
"192","18",8,40,"E11_81",-0.542290762905798,"gr"
"193","19",9,10,"B03_1",0.438624770110885,"gr"
"194","19",9,10,"D04_1",0.429821348138425,"gr"
"195","19",9,10,"D10_1",0.490858032731634,"gr"
"196","19",9,10,"F03_1",0.414289929284062,"gr"
"197","19",9,16,"B03_16",1.11588736028992,"gr.sat"
"198","19",9,16,"D04_16",1.03996489962477,"gr.sat"
"199","19",9,16,"D10_16",1.0929212641712,"gr.sat"
"200","19",9,16,"F03_16",1.27362729004784,"gr.lagsat"
"201","19",9,22,"B03_31",1.66757839501455,"gr.sat"
"202","19",9,22,"D04_31",1.09755518831409,"gr.sat"
"203","19",9,22,"D10_31",1.08828946208467,"gr.sat"
"204","19",9,22,"F03_31",1.09474628506797,"gr.sat"
"205","19",9,28,"B03_46",3.06214373182694,"gr.sat"
"206","19",9,28,"D04_46",1.69099904199189,"gr.sat"
"207","19",9,28,"D10_46",2.83248177171602,"gr.sat"
"208","19",9,28,"F03_46",1.64547349991243,"gr.sat"
"209","19",9,34,"B03_61",3.66477652973593,"gr.sat"
"210","19",9,34,"D04_61",3.08553609933035,"gr.sat"
"211","19",9,34,"D10_61",-0.454983203760005,"gr"
"212","19",9,34,"F03_61",3.26014388844909,"gr.sat"
"213","19",9,40,"B03_76",-0.773800437918225,"gr"
"214","19",9,40,"D04_76",-0.813882943354386,"gr"
"215","19",9,40,"D10_76",-0.542025738742081,"gr"
"216","19",9,40,"F03_76",-0.563866968901632,"gr"
"217","2",10,10,"B10_6",0.0289002274708046,"gr"
"218","2",10,10,"C08_6",-0.00367057289988311,"gr"
"219","2",10,10,"E04_6",0.123855570162167,"gr"
"220","2",10,10,"F09_6",0.104586591034536,"gr"
"221","2",10,16,"B10_21",1.10375018431659,"gr.sat"
"222","2",10,16,"C08_21",1.15667823878849,"gr.sat"
"223","2",10,16,"E04_21",1.36501745159944,"gr.lagsat"
"224","2",10,16,"F09_21",1.15918993700189,"gr.sat"
"225","2",10,22,"B10_36",2.11511232994952,"gr.sat"
"226","2",10,22,"C08_36",1.98654838780755,"gr.sat"
"227","2",10,22,"E04_36",2.19227621852065,"gr.sat"
"228","2",10,22,"F09_36",2.06261326722953,"gr.sat"
"229","2",10,28,"B10_51",3.28185567437983,"gr.sat"
"230","2",10,28,"C08_51",2.9344090286467,"gr.sat"
"231","2",10,28,"E04_51",1.77234409290658,"gr.sat"
"232","2",10,28,"F09_51",1.61025685339636,"gr.sat"
"233","2",10,34,"B10_66",2.19325006214012,"gr.sat"
"234","2",10,34,"C08_66",3.30978395766395,"gr.sat"
"235","2",10,34,"E04_66",3.62687474755516,"gr.sat"
"236","2",10,34,"F09_66",1.6905017614231,"gr.sat"
"237","2",10,40,"B10_81",-0.526484592295648,"gr"
"238","2",10,40,"C08_81",-0.66251873858477,"gr"
"239","2",10,40,"E04_81",-0.49330984942007,"gr"
"240","2",10,40,"F09_81",-0.599287457429742,"gr"
"241","20",11,10,"B06_11",0.467451444788907,"gr"
"242","20",11,10,"D03_11",0.445317868916089,"gr"
"243","20",11,10,"D08_11",0.406007836023938,"gr"
"244","20",11,10,"E09_11",0.413931741915906,"gr"
"245","20",11,16,"B06_26",0.999143729060318,"gr.sat"
"246","20",11,16,"D03_26",0.587946960109827,"gr"
"247","20",11,16,"D08_26",1.69734905562923,"gr.lagsat"
"248","20",11,16,"E09_26",1.56828402666271,"gr.lagsat"
"249","20",11,22,"B06_41",1.61841914468831,"gr.sat"
"250","20",11,22,"D03_41",1.33219377624064,"gr.sat"
"251","20",11,22,"D08_41",1.48243055820771,"gr.sat"
"252","20",11,22,"E09_41",1.85160559758973,"gr.sat"
"253","20",11,28,"B06_56",3.07435111518976,"gr.sat"
"254","20",11,28,"D03_56",3.3288631561507,"gr.sat"
"255","20",11,28,"D08_56",3.23945153231684,"gr.sat"
"256","20",11,28,"E09_56",2.48247756164879,"gr.sat"
"257","20",11,34,"B06_71",3.59322544591367,"gr.sat"
"258","20",11,34,"D03_71",1.82646275613624,"gr.sat"
"259","20",11,34,"D08_71",3.32573903036603,"gr.sat"
"260","20",11,34,"E09_71",2.33780599004177,"gr.sat"
"261","20",11,40,"B06_86",-0.622038935496976,"gr"
"262","20",11,40,"D03_86",-0.706892680295285,"gr"
"263","20",11,40,"D08_86",-0.58453890590089,"gr"
"264","20",11,40,"E09_86",1e-04,"gr.lagsat"
"265","21",12,10,"C02_6",0.382959555982561,"gr"
"266","21",12,10,"C09_6",0.471760739966236,"gr.sat"
"267","21",12,10,"E09_6",0.478250043454268,"gr.sat"
"268","21",12,10,"F04_6",0.345465618235249,"gr"
"269","21",12,16,"C02_21",1.11257775695083,"gr.sat"
"270","21",12,16,"C09_21",1.026393337066,"gr.sat"
"271","21",12,16,"E09_21",1.09258129439817,"gr.sat"
"272","21",12,16,"F04_21",0.986813922160991,"gr.sat"
"273","21",12,22,"C02_36",2.54444123108314,"gr.sat"
"274","21",12,22,"C09_36",2.54233757390666,"gr.sat"
"275","21",12,22,"E09_36",2.1304973499991,"gr.sat"
"276","21",12,22,"F04_36",2.23808473027512,"gr.sat"
"277","21",12,28,"C02_51",3.26376437359853,"gr.sat"
"278","21",12,28,"C09_51",3.2286449097499,"gr.sat"
"279","21",12,28,"E09_51",3.17355377953681,"gr.sat"
"280","21",12,28,"F04_51",3.01143290652501,"gr.sat"
"281","21",12,34,"C02_66",3.58286216022908,"gr.sat"
"282","21",12,34,"C09_66",3.89345601856318,"gr.sat"
"283","21",12,34,"E09_66",3.38882496061162,"gr.sat"
"284","21",12,34,"F04_66",3.73020821839479,"gr.sat"
"285","21",12,40,"C02_81",-1.00076218313475,"gr"
"286","21",12,40,"C09_81",-0.91580254468109,"gr"
"287","21",12,40,"E09_81",1e-04,"gr.lagsat"
"288","21",12,40,"F04_81",1e-04,"gr.lagsat"
"289","22",13,10,"B05_6",0.419551685445182,"gr"
"290","22",13,10,"D03_6",0.412297970519607,"gr"
"291","22",13,10,"E10_6",0.403318180051839,"gr"
"292","22",13,10,"F06_6",0.43647285194162,"gr"
"293","22",13,16,"B05_21",1.12612223154327,"gr.sat"
"294","22",13,16,"D03_21",0.617274852735711,"gr"
"295","22",13,16,"E10_21",1.10788815246929,"gr.sat"
"296","22",13,16,"F06_21",1.10946213900996,"gr.sat"
"297","22",13,22,"B05_36",1.64058921391152,"gr.sat"
"298","22",13,22,"D03_36",2.00534480515082,"gr.sat"
"299","22",13,22,"E10_36",1.18129656497627,"gr.sat"
"300","22",13,22,"F06_36",1.68845167715219,"gr.sat"
"301","22",13,28,"B05_51",3.52178216424907,"gr.sat"
"302","22",13,28,"D03_51",2.62586568007261,"gr.sat"
"303","22",13,28,"E10_51",3.34512131044269,"gr.sat"
"304","22",13,28,"F06_51",1.98283828574477,"gr.sat"
"305","22",13,34,"B05_66",4.47526982881711,"gr.sat"
"306","22",13,34,"D03_66",3.82263769338392,"gr.sat"
"307","22",13,34,"E10_66",3.85069271356903,"gr.sat"
"308","22",13,34,"F06_66",3.55776298518243,"gr.sat"
"309","22",13,40,"B05_81",-0.486666922700757,"gr"
"310","22",13,40,"D03_81",-0.593528868623312,"gr"
"311","22",13,40,"E10_81",-0.461740789749896,"gr"
"312","22",13,40,"F06_81",-0.477344504207682,"gr"
"313","23",14,10,"B06_1",0.284366604561825,"gr"
"314","23",14,10,"C10_1",0.408689074628418,"gr"
"315","23",14,10,"E05_1",0.314031201507803,"gr"
"316","23",14,10,"F10_1",0.392468807873544,"gr.lag"
"317","23",14,16,"B06_16",1.19776755645602,"gr.sat"
"318","23",14,16,"C10_16",1.57763851623944,"gr.sat"
"319","23",14,16,"E05_16",1.22175368083004,"gr.sat"
"320","23",14,16,"F10_16",1.1736093176556,"gr.sat"
"321","23",14,22,"B06_31",1.84190539361836,"gr.sat"
"322","23",14,22,"C10_31",1.67779822466809,"gr.sat"
"323","23",14,22,"E05_31",2.02910339912852,"gr.sat"
"324","23",14,22,"F10_31",2.06941555530951,"gr.sat"
"325","23",14,28,"B06_46",3.18808039780377,"gr.sat"
"326","23",14,28,"C10_46",3.65430710830358,"gr.sat"
"327","23",14,28,"E05_46",2.4040174883875,"gr.sat"
"328","23",14,28,"F10_46",3.03157888955521,"gr.sat"
"329","23",14,34,"B06_61",3.19505302106804,"gr.sat"
"330","23",14,34,"C10_61",-0.564235431791386,"gr"
"331","23",14,34,"E05_61",3.08591704206834,"gr.sat"
"332","23",14,34,"F10_61",3.26570023569263,"gr.sat"
"333","23",14,40,"B06_76",-0.6803703609271,"gr"
"334","23",14,40,"C10_76",-0.663721704612957,"gr"
"335","23",14,40,"E05_76",-0.424972929420227,"gr"
"336","23",14,40,"F10_76",-2.17062156104899,"gr"
"337","24",15,10,"B11_1",0.835417855200774,"gr.lag"
"338","24",15,10,"D02_1",0.432640540476804,"gr"
"339","24",15,10,"E06_1",0.370908228726303,"gr"
"340","24",15,10,"E11_1",0.417066717371663,"gr"
"341","24",15,16,"B11_16",1.19796777022352,"gr.sat"
"342","24",15,16,"D02_16",1.17614183274808,"gr.sat"
"343","24",15,16,"E06_16",1.18910271276336,"gr.sat"
"344","24",15,16,"E11_16",1.16620588103691,"gr.sat"
"345","24",15,22,"B11_31",2.08921874333583,"gr.sat"
"346","24",15,22,"D02_31",1.79983290073984,"gr.sat"
"347","24",15,22,"E06_31",1.3143441109817,"gr.sat"
"348","24",15,22,"E11_31",1.68996519766128,"gr.sat"
"349","24",15,28,"B11_46",2.99934032737431,"gr.sat"
"350","24",15,28,"D02_46",3.17569233842369,"gr.sat"
"351","24",15,28,"E06_46",1.93941004619075,"gr.sat"
"352","24",15,28,"E11_46",2.70097979014662,"gr.sat"
"353","24",15,34,"B11_61",3.64962436873253,"gr.sat"
"354","24",15,34,"D02_61",3.75581365897972,"gr.sat"
"355","24",15,34,"E06_61",3.47106489265598,"gr.sat"
"356","24",15,34,"E11_61",3.24526078673687,"gr.sat"
"357","24",15,40,"B11_76",-0.485717037534407,"gr"
"358","24",15,40,"D02_76",-0.253860069137433,"gr"
"359","24",15,40,"E06_76",-0.427649238684156,"gr"
"360","24",15,40,"E11_76",-0.448777679412762,"gr"
"361","25",16,10,"B02_1",0.22125362945033,"gr"
"362","25",16,10,"C05_1",0.25893582753291,"gr"
"363","25",16,10,"E03_1",0.25187695649144,"gr"
"364","25",16,10,"F02_1",0.201946892327335,"gr"
"365","25",16,16,"B02_16",1.23310712368387,"gr.sat"
"366","25",16,16,"C05_16",1.71139577728956,"gr.lagsat"
"367","25",16,16,"E03_16",1.71982555785654,"gr.lagsat"
"368","25",16,16,"F02_16",1.24367442342378,"gr.sat"
"369","25",16,22,"B02_31",2.60079965771635,"gr.sat"
"370","25",16,22,"C05_31",2.08940523358172,"gr.sat"
"371","25",16,22,"E03_31",2.02176276979402,"gr.sat"
"372","25",16,22,"F02_31",1.70325785346523,"gr.sat"
"373","25",16,28,"B02_46",3.13548533192393,"gr.sat"
"374","25",16,28,"C05_46",3.08798918693249,"gr.sat"
"375","25",16,28,"E03_46",2.21698932658923,"gr.sat"
"376","25",16,28,"F02_46",2.14068834298056,"gr.sat"
"377","25",16,34,"B02_61",3.96345224779856,"gr.sat"
"378","25",16,34,"C05_61",2.89400421493712,"gr.sat"
"379","25",16,34,"E03_61",2.8293312075782,"gr.sat"
"380","25",16,34,"F02_61",3.24809621389425,"gr.sat"
"381","25",16,40,"B02_76",-0.82869311879282,"gr"
"382","25",16,40,"C05_76",-0.641454441114938,"gr"
"383","25",16,40,"E03_76",-0.54178125687698,"gr"
"384","25",16,40,"F02_76",-0.737867298686296,"gr"
"385","26",17,10,"B09_6",0.369712534355926,"gr"
"386","26",17,10,"C06_6",0.549831286779199,"gr.lag"
"387","26",17,10,"E02_6",0.367491129506668,"gr"
"388","26",17,10,"F11_6",0.325008280413187,"gr"
"389","26",17,16,"B09_21",1.34214216469189,"gr.lagsat"
"390","26",17,16,"C06_21",0.653429575356488,"gr"
"391","26",17,16,"E02_21",0.62129737471676,"gr"
"392","26",17,16,"F11_21",1.04352783671898,"gr.sat"
"393","26",17,22,"B09_36",1.83772494406858,"gr.sat"
"394","26",17,22,"C06_36",1.71690166511976,"gr.sat"
"395","26",17,22,"E02_36",1.64284317786583,"gr.sat"
"396","26",17,22,"F11_36",1.62845504868275,"gr.sat"
"397","26",17,28,"B09_51",3.17623646904483,"gr.sat"
"398","26",17,28,"C06_51",2.29800650533246,"gr.sat"
"399","26",17,28,"E02_51",2.56634417093989,"gr.sat"
"400","26",17,28,"F11_51",1.18081319530651,"gr.sat"
"401","26",17,34,"B09_66",3.4081119705054,"gr.sat"
"402","26",17,34,"C06_66",3.4927812723895,"gr.sat"
"403","26",17,34,"E02_66",3.56022878354087,"gr.sat"
"404","26",17,34,"F11_66",1.68527337543707,"gr.sat"
"405","26",17,40,"B09_81",-0.523959275707427,"gr"
"406","26",17,40,"C06_81",-0.454870970722462,"gr"
"407","26",17,40,"E02_81",-0.487647987525977,"gr"
"408","26",17,40,"F11_81",-0.640754432060961,"gr"
"409","27",18,10,"B07_6",0.453676105957686,"gr"
"410","27",18,10,"C07_6",0.410790667349834,"gr"
"411","27",18,10,"D11_6",0.372771702628067,"gr"
"412","27",18,10,"G02_6",0.536137160738586,"gr"
"413","27",18,16,"B07_21",0.668238698503335,"gr"
"414","27",18,16,"C07_21",0.670732972018891,"gr"
"415","27",18,16,"D11_21",0.664354059647088,"gr"
"416","27",18,16,"G02_21",0.679433042682949,"gr"
"417","27",18,22,"B07_36",1.92671477148458,"gr.sat"
"418","27",18,22,"C07_36",2.0283503784053,"gr.sat"
"419","27",18,22,"D11_36",2.00645646550991,"gr.sat"
"420","27",18,22,"G02_36",1.84690121688151,"gr.sat"
"421","27",18,28,"B07_51",1.91124685634431,"gr.sat"
"422","27",18,28,"C07_51",0.875523410907751,"gr.sat"
"423","27",18,28,"D11_51",1.09155998064208,"gr.sat"
"424","27",18,28,"G02_51",0.799900858817334,"gr.sat"
"425","27",18,34,"B07_66",1.9925971560997,"gr.sat"
"426","27",18,34,"C07_66",2.02640676350233,"gr.sat"
"427","27",18,34,"D11_66",1.14415394423119,"gr.sat"
"428","27",18,34,"G02_66",1.72991932950325,"gr.sat"
"429","27",18,40,"B07_81",-0.632054290097959,"gr"
"430","27",18,40,"C07_81",1e-04,"gr.lagsat"
"431","27",18,40,"D11_81",-0.22318823159225,"gr"
"432","27",18,40,"G02_81",-0.522428604501498,"gr"
"433","28",19,10,"B02_6",0.454739422681405,"gr"
"434","28",19,10,"C05_6",0.404651093451521,"gr"
"435","28",19,10,"E03_6",0.346437407660888,"gr"
"436","28",19,10,"F02_6",0.452857097397395,"gr.lag"
"437","28",19,16,"B02_21",0.902104770872011,"gr.sat"
"438","28",19,16,"C05_21",1.09742543054123,"gr.sat"
"439","28",19,16,"E03_21",1.13027960587502,"gr.sat"
"440","28",19,16,"F02_21",1.10955470020263,"gr.sat"
"441","28",19,22,"B02_36",1.69450676361984,"gr.sat"
"442","28",19,22,"C05_36",1.50686517412851,"gr.sat"
"443","28",19,22,"E03_36",1.63865237623858,"gr.sat"
"444","28",19,22,"F02_36",1.66478612948533,"gr.sat"
"445","28",19,28,"B02_51",3.76486519426922,"gr.sat"
"446","28",19,28,"C05_51",3.24140964103781,"gr.sat"
"447","28",19,28,"E03_51",3.64684940795508,"gr.sat"
"448","28",19,28,"F02_51",3.54452136302045,"gr.sat"
"449","28",19,34,"B02_66",4.91186368864701,"gr.sat"
"450","28",19,34,"C05_66",3.89817698787265,"gr.sat"
"451","28",19,34,"E03_66",3.88327481878949,"gr.sat"
"452","28",19,34,"F02_66",3.77883357298153,"gr.sat"
"453","28",19,40,"B02_81",-0.851460218507675,"gr"
"454","28",19,40,"C05_81",-0.56726671350716,"gr"
"455","28",19,40,"E03_81",-0.800975662862414,"gr"
"456","28",19,40,"F02_81",-0.671446600100847,"gr"
"457","29",20,10,"B10_11",0.411969051890948,"gr"
"458","29",20,10,"D02_11",0.389719931357864,"gr"
"459","29",20,10,"E06_11",0.375289175827249,"gr"
"460","29",20,10,"F04_11",0.385145390125345,"gr"
"461","29",20,16,"B10_26",0.986965217075759,"gr.sat"
"462","29",20,16,"D02_26",0.92555219803562,"gr.sat"
"463","29",20,16,"E06_26",0.929831724422929,"gr.sat"
"464","29",20,16,"F04_26",0.908857225328393,"gr.sat"
"465","29",20,22,"B10_41",1.81568316233533,"gr.sat"
"466","29",20,22,"D02_41",1.83034385422563,"gr.sat"
"467","29",20,22,"E06_41",1.97318843708482,"gr.sat"
"468","29",20,22,"F04_41",1.80911216031297,"gr.sat"
"469","29",20,28,"B10_56",2.80997831037908,"gr.sat"
"470","29",20,28,"D02_56",3.06652647756368,"gr.sat"
"471","29",20,28,"E06_56",3.12742972233485,"gr.sat"
"472","29",20,28,"F04_56",3.07306219559563,"gr.sat"
"473","29",20,34,"B10_71",3.8882657458505,"gr.sat"
"474","29",20,34,"D02_71",3.65557110776062,"gr.sat"
"475","29",20,34,"E06_71",3.59014445815389,"gr.sat"
"476","29",20,34,"F04_71",3.69783236786416,"gr.sat"
"477","29",20,40,"B10_86",-0.764006900230853,"gr"
"478","29",20,40,"D02_86",-0.748808286210131,"gr"
"479","29",20,40,"E06_86",-0.603291163593122,"gr"
"480","29",20,40,"F04_86",-0.542012154283854,"gr"
"481","3",21,10,"B03_11",0.441275155362328,"gr"
"482","3",21,10,"C10_11",0.394394227763551,"gr"
"483","3",21,10,"D09_11",0.411753686585297,"gr"
"484","3",21,10,"F09_11",0.399593435069986,"gr"
"485","3",21,16,"B03_26",0.952302920355452,"gr.sat"
"486","3",21,16,"C10_26",1.01430287563449,"gr.sat"
"487","3",21,16,"D09_26",1.08780948757693,"gr.sat"
"488","3",21,16,"F09_26",0.999833565750682,"gr.sat"
"489","3",21,22,"B03_41",2.52458508748768,"gr.sat"
"490","3",21,22,"C10_41",2.0717168169143,"gr.sat"
"491","3",21,22,"D09_41",2.5968571249565,"gr.sat"
"492","3",21,22,"F09_41",2.04657902368224,"gr.sat"
"493","3",21,28,"B03_56",3.29650473707304,"gr.sat"
"494","3",21,28,"C10_56",3.76341921825686,"gr.sat"
"495","3",21,28,"D09_56",3.39359721250199,"gr.sat"
"496","3",21,28,"F09_56",3.32536228884397,"gr.sat"
"497","3",21,34,"B03_71",4.13289884826,"gr.sat"
"498","3",21,34,"C10_71",3.79594051059291,"gr.sat"
"499","3",21,34,"D09_71",3.92102421106309,"gr.sat"
"500","3",21,34,"F09_71",3.82011367490944,"gr.sat"
"501","3",21,40,"B03_86",-0.782955913895943,"gr"
"502","3",21,40,"C10_86",-0.742655886258395,"gr"
"503","3",21,40,"D09_86",-0.840611602008921,"gr"
"504","3",21,40,"F09_86",-0.661138713099393,"gr"
"505","30",22,10,"C03_11",0.467405963602127,"gr"
"506","30",22,10,"C09_11",0.359109409413918,"gr"
"507","30",22,10,"E03_11",0.416678828231019,"gr"
"508","30",22,10,"E08_11",0.417713547410779,"gr"
"509","30",22,16,"C03_26",1.13824456077566,"gr.sat"
"510","30",22,16,"C09_26",1.66995592950624,"gr.lagsat"
"511","30",22,16,"E03_26",1.44219404941828,"gr.sat"
"512","30",22,16,"E08_26",1.29131412268631,"gr.sat"
"513","30",22,22,"C03_41",1.96388750935032,"gr.sat"
"514","30",22,22,"C09_41",2.1415441841531,"gr.sat"
"515","30",22,22,"E03_41",1.93182660042487,"gr.sat"
"516","30",22,22,"E08_41",2.10764931913693,"gr.sat"
"517","30",22,28,"C03_56",3.46862370432242,"gr.sat"
"518","30",22,28,"C09_56",3.16245646880869,"gr.sat"
"519","30",22,28,"E03_56",3.80900068104547,"gr.sat"
"520","30",22,28,"E08_56",3.49329653044155,"gr.sat"
"521","30",22,34,"C03_71",4.04144639698669,"gr.sat"
"522","30",22,34,"C09_71",3.73329998073877,"gr.sat"
"523","30",22,34,"E03_71",3.26114774767564,"gr.sat"
"524","30",22,34,"E08_71",3.64256347898549,"gr.sat"
"525","30",22,40,"C03_86",-0.435256995160325,"gr"
"526","30",22,40,"C09_86",-0.505691602253008,"gr"
"527","30",22,40,"E03_86",-0.535027384124806,"gr"
"528","30",22,40,"E08_86",-0.519485192246296,"gr"
"529","31",23,10,"B04_6",0.387409720835239,"gr"
"530","31",23,10,"D06_6",0.484855691815301,"gr"
"531","31",23,10,"D09_6",0.32915034335015,"gr"
"532","31",23,10,"F08_6",0.412261684247317,"gr"
"533","31",23,16,"B04_21",0.628100582062476,"gr"
"534","31",23,16,"D06_21",0.663418419570785,"gr"
"535","31",23,16,"D09_21",1.16109818347348,"gr.sat"
"536","31",23,16,"F08_21",0.596696500158705,"gr"
"537","31",23,22,"B04_36",2.62085054519397,"gr.sat"
"538","31",23,22,"D06_36",1.85341886502862,"gr.sat"
"539","31",23,22,"D09_36",1.84066117177301,"gr.sat"
"540","31",23,22,"F08_36",2.01789739808232,"gr.sat"
"541","31",23,28,"B04_51",3.84015852135383,"gr.sat"
"542","31",23,28,"D06_51",2.49586900817075,"gr.sat"
"543","31",23,28,"D09_51",2.57195485675283,"gr.sat"
"544","31",23,28,"F08_51",2.62149804854119,"gr.sat"
"545","31",23,34,"B04_66",4.32589367481579,"gr.sat"
"546","31",23,34,"D06_66",4.39700646253282,"gr.sat"
"547","31",23,34,"D09_66",4.06800684983468,"gr.sat"
"548","31",23,34,"F08_66",3.9577697056914,"gr.sat"
"549","31",23,40,"B04_81",-0.579850442338234,"gr"
"550","31",23,40,"D06_81",-0.621139942513193,"gr"
"551","31",23,40,"D09_81",-0.411958657285923,"gr"
"552","31",23,40,"F08_81",-0.237732116842862,"gr"
"553","32",24,10,"C04_1",0.408537529421703,"gr"
"554","32",24,10,"D07_1",0.38904520555008,"gr"
"555","32",24,10,"D08_1",0.347894924846998,"gr"
"556","32",24,10,"F07_1",0.462162277911444,"gr"
"557","32",24,16,"C04_16",1.60199401802066,"gr.lagsat"
"558","32",24,16,"D07_16",1.10517535604541,"gr.sat"
"559","32",24,16,"D08_16",1.71123133726155,"gr.lagsat"
"560","32",24,16,"F07_16",1.65769471935487,"gr.lagsat"
"561","32",24,22,"C04_31",1.67638283328117,"gr.sat"
"562","32",24,22,"D07_31",1.70517328794404,"gr.sat"
"563","32",24,22,"D08_31",1.78420695721264,"gr.sat"
"564","32",24,22,"F07_31",1.58686323004193,"gr.sat"
"565","32",24,28,"C04_46",3.07804047192826,"gr.sat"
"566","32",24,28,"D07_46",2.92455262330427,"gr.sat"
"567","32",24,28,"D08_46",3.22679804223663,"gr.sat"
"568","32",24,28,"F07_46",3.10971641382042,"gr.sat"
"569","32",24,34,"C04_61",3.84472316134748,"gr.sat"
"570","32",24,34,"D07_61",3.65759177328714,"gr.sat"
"571","32",24,34,"D08_61",4.03179076736566,"gr.sat"
"572","32",24,34,"F07_61",3.50011857720782,"gr.sat"
"573","32",24,40,"C04_76",-0.595299966526066,"gr"
"574","32",24,40,"D07_76",-0.193302292607079,"gr"
"575","32",24,40,"D08_76",-0.498821234963413,"gr"
"576","32",24,40,"F07_76",-0.638309212239607,"gr"
"577","33",25,10,"C03_1",0.520307167778341,"gr.lag"
"578","33",25,10,"D05_1",0.373541067144683,"gr"
"579","33",25,10,"E08_1",0.336550812541842,"gr"
"580","33",25,10,"G03_1",0.436495655802309,"gr"
"581","33",25,16,"C03_16",1.26758656063701,"gr.lagsat"
"582","33",25,16,"D05_16",1.08702708751006,"gr.sat"
"583","33",25,16,"E08_16",1.14426524442408,"gr.sat"
"584","33",25,16,"G03_16",1.04313170741601,"gr.sat"
"585","33",25,22,"C03_31",1.79762167361296,"gr.sat"
"586","33",25,22,"D05_31",1.47397969889559,"gr.sat"
"587","33",25,22,"E08_31",1.39135040654878,"gr.sat"
"588","33",25,22,"G03_31",1.29720497282303,"gr.sat"
"589","33",25,28,"C03_46",2.45934686541887,"gr.sat"
"590","33",25,28,"D05_46",1.92032131953166,"gr.sat"
"591","33",25,28,"E08_46",3.07477226177188,"gr.sat"
"592","33",25,28,"G03_46",1.80192067810635,"gr.sat"
"593","33",25,34,"C03_61",3.7377890696607,"gr.sat"
"594","33",25,34,"D05_61",3.63261594689164,"gr.sat"
"595","33",25,34,"E08_61",3.49587431325853,"gr.sat"
"596","33",25,34,"G03_61",3.73255330588089,"gr.sat"
"597","33",25,40,"C03_76",-0.51521096044962,"gr"
"598","33",25,40,"D05_76",-0.629959759106798,"gr"
"599","33",25,40,"E08_76",-0.496994602635327,"gr"
"600","33",25,40,"G03_76",-0.363013649557037,"gr"
"601","35",26,10,"C04_6",0.455301803906963,"gr"
"602","35",26,10,"D07_6",0.503190823207041,"gr"
"603","35",26,10,"D08_6",0.459907567940241,"gr"
"604","35",26,10,"F07_6",0.436873703395654,"gr"
"605","35",26,16,"C04_21",0.583740852447865,"gr"
"606","35",26,16,"D07_21",1.04501997738144,"gr.sat"
"607","35",26,16,"D08_21",1.03028269080497,"gr.sat"
"608","35",26,16,"F07_21",0.976659070697279,"gr.sat"
"609","35",26,22,"C04_36",1.57590456549078,"gr.sat"
"610","35",26,22,"D07_36",1.56936056653392,"gr.sat"
"611","35",26,22,"D08_36",1.81831271280569,"gr.sat"
"612","35",26,22,"F07_36",1.57992059513795,"gr.sat"
"613","35",26,28,"C04_51",1.80531927713876,"gr.sat"
"614","35",26,28,"D07_51",1.89697552795203,"gr.sat"
"615","35",26,28,"D08_51",2.39303817299813,"gr.sat"
"616","35",26,28,"F07_51",1.62391253729603,"gr.sat"
"617","35",26,34,"C04_66",3.37745109360019,"gr.sat"
"618","35",26,34,"D07_66",2.9775167550073,"gr.sat"
"619","35",26,34,"D08_66",3.16804898754844,"gr.sat"
"620","35",26,34,"F07_66",3.25186569733635,"gr.sat"
"621","35",26,40,"C04_81",-0.342093175665987,"gr"
"622","35",26,40,"D07_81",-0.437506099648416,"gr"
"623","35",26,40,"D08_81",-0.548551335916898,"gr"
"624","35",26,40,"F07_81",-0.450750600409204,"gr"
"625","4",27,10,"B03_6",0.332618294120753,"gr"
"626","4",27,10,"D04_6",0.431041247762271,"gr"
"627","4",27,10,"D10_6",0.365549002360343,"gr"
"628","4",27,10,"F03_6",0.551045285594821,"gr.lag"
"629","4",27,16,"B03_21",1.45010647020241,"gr.lagsat"
"630","4",27,16,"D04_21",0.663763622471598,"gr"
"631","4",27,16,"D10_21",0.608492777132579,"gr"
"632","4",27,16,"F03_21",0.593776493992824,"gr"
"633","4",27,22,"B03_36",1.66876306270737,"gr.sat"
"634","4",27,22,"D04_36",1.71914210841713,"gr.sat"
"635","4",27,22,"D10_36",1.69079819960866,"gr.sat"
"636","4",27,22,"F03_36",1.69967528890822,"gr.sat"
"637","4",27,28,"B03_51",2.73004733890579,"gr.sat"
"638","4",27,28,"D04_51",2.24121980191509,"gr.sat"
"639","4",27,28,"D10_51",2.42188637498794,"gr.sat"
"640","4",27,28,"F03_51",2.15620701322539,"gr.sat"
"641","4",27,34,"B03_66",5.51306759965492,"gr.lagsat"
"642","4",27,34,"D04_66",3.78012236743638,"gr.sat"
"643","4",27,34,"D10_66",3.5982095103156,"gr.sat"
"644","4",27,34,"F03_66",3.89783388024374,"gr.sat"
"645","4",27,40,"B03_81",-0.578599213020801,"gr"
"646","4",27,40,"D04_81",-0.6118470148002,"gr"
"647","4",27,40,"D10_81",-0.633876026363213,"gr"
"648","4",27,40,"F03_81",-0.727582720894003,"gr"
"649","5",28,10,"B09_11",0.413145046337074,"gr"
"650","5",28,10,"C04_11",0.452603977293099,"gr"
"651","5",28,10,"D06_11",0.428405795427989,"gr"
"652","5",28,10,"E10_11",0.432018757607071,"gr"
"653","5",28,16,"B09_26",0.985018353804159,"gr.sat"
"654","5",28,16,"C04_26",1.09218645744669,"gr.sat"
"655","5",28,16,"D06_26",0.587781982588084,"gr"
"656","5",28,16,"E10_26",1.36959537152695,"gr.lagsat"
"657","5",28,22,"B09_41",1.96515658689132,"gr.lagsat"
"658","5",28,22,"C04_41",1.90665017717523,"gr.sat"
"659","5",28,22,"D06_41",1.48482591766669,"gr.sat"
"660","5",28,22,"E10_41",1.44347915307423,"gr.sat"
"661","5",28,28,"B09_56",2.56421005299723,"gr.sat"
"662","5",28,28,"C04_56",3.54048294108713,"gr.sat"
"663","5",28,28,"D06_56",2.42954193229296,"gr.sat"
"664","5",28,28,"E10_56",2.59917515757191,"gr.sat"
"665","5",28,34,"B09_71",4.13526390337011,"gr.sat"
"666","5",28,34,"C04_71",3.72147162954329,"gr.sat"
"667","5",28,34,"D06_71",3.74143243566769,"gr.sat"
"668","5",28,34,"E10_71",3.64775034291779,"gr.sat"
"669","5",28,40,"B09_86",-0.766876341610197,"gr"
"670","5",28,40,"C04_86",-0.805785206313078,"gr"
"671","5",28,40,"D06_86",-0.689011529773802,"gr"
"672","5",28,40,"E10_86",-0.750193171066787,"gr"
"673","6",29,10,"C02_1",0.399052492105786,"gr"
"674","6",29,10,"C09_1",0.358888840484505,"gr"
"675","6",29,10,"E09_1",0.340521645188801,"gr"
"676","6",29,10,"F04_1",0.350155752158727,"gr"
"677","6",29,16,"C02_16",0.969387015501578,"gr.sat"
"678","6",29,16,"C09_16",0.893165873556551,"gr.sat"
"679","6",29,16,"E09_16",0.913486296335946,"gr.sat"
"680","6",29,16,"F04_16",0.903492185570853,"gr.sat"
"681","6",29,22,"C02_31",1.73101132000049,"gr.sat"
"682","6",29,22,"C09_31",1.58685599221789,"gr.sat"
"683","6",29,22,"E09_31",1.55946331729649,"gr.sat"
"684","6",29,22,"F04_31",1.47344152281701,"gr.sat"
"685","6",29,28,"C02_46",2.73237471211181,"gr.sat"
"686","6",29,28,"C09_46",2.79096653133953,"gr.sat"
"687","6",29,28,"E09_46",2.67304226915872,"gr.sat"
"688","6",29,28,"F04_46",2.02989272608216,"gr.sat"
"689","6",29,34,"C02_61",3.99719285252128,"gr.sat"
"690","6",29,34,"C09_61",3.64369585818759,"gr.sat"
"691","6",29,34,"E09_61",3.61850619327771,"gr.sat"
"692","6",29,34,"F04_61",3.39887707987666,"gr.sat"
"693","6",29,40,"C02_76",-0.796014426694386,"gr"
"694","6",29,40,"C09_76",-0.781885082333455,"gr"
"695","6",29,40,"E09_76",1e-04,"gr.lagsat"
"696","6",29,40,"F04_76",1e-04,"gr.lagsat"
"697","7",30,10,"B08_11",0.372140843431323,"gr"
"698","7",30,10,"C07_11",0.398011822951368,"gr"
"699","7",30,10,"D10_11",0.361608015401238,"gr"
"700","7",30,10,"F03_11",0.441712244678665,"gr"
"701","7",30,16,"B08_26",1.08537701028046,"gr.sat"
"702","7",30,16,"C07_26",0.976676151193961,"gr.sat"
"703","7",30,16,"D10_26",0.974400457278046,"gr.sat"
"704","7",30,16,"F03_26",0.946641039500083,"gr.sat"
"705","7",30,22,"B08_41",1.78513962537084,"gr.sat"
"706","7",30,22,"C07_41",1.6792793788715,"gr.sat"
"707","7",30,22,"D10_41",1.63903620431738,"gr.sat"
"708","7",30,22,"F03_41",1.31253561051063,"gr.sat"
"709","7",30,28,"B08_56",2.86074617224256,"gr.sat"
"710","7",30,28,"C07_56",3.33927526049762,"gr.sat"
"711","7",30,28,"D10_56",2.96234040842472,"gr.sat"
"712","7",30,28,"F03_56",2.92143463244553,"gr.sat"
"713","7",30,34,"B08_71",3.77812726292555,"gr.sat"
"714","7",30,34,"C07_71",3.88917063822175,"gr.sat"
"715","7",30,34,"D10_71",3.48179229006737,"gr.sat"
"716","7",30,34,"F03_71",3.10929909145427,"gr.sat"
"717","7",30,40,"B08_86",-0.628774651054915,"gr"
"718","7",30,40,"C07_86",-0.776995398583023,"gr"
"719","7",30,40,"D10_86",-0.726635348670625,"gr"
"720","7",30,40,"F03_86",-0.793425179502233,"gr"
"721","8",31,10,"B05_1",0.359866518999621,"gr"
"722","8",31,10,"D03_1",0.409425202144774,"gr"
"723","8",31,10,"E10_1",0.396380636975954,"gr"
"724","8",31,10,"F06_1",0.346502172762462,"gr"
"725","8",31,16,"B05_16",0.998756336694596,"gr.lagsat"
"726","8",31,16,"D03_16",0.566625681202039,"gr"
"727","8",31,16,"E10_16",0.531937691858511,"gr"
"728","8",31,16,"F06_16",0.936488456138258,"gr.lagsat"
"729","8",31,22,"B05_31",1.62359067734725,"gr.sat"
"730","8",31,22,"D03_31",1.62716674703359,"gr.sat"
"731","8",31,22,"E10_31",1.22858567841565,"gr.sat"
"732","8",31,22,"F06_31",1.50135899165478,"gr.sat"
"733","8",31,28,"B05_46",3.10548213416618,"gr.sat"
"734","8",31,28,"D03_46",3.1272347957315,"gr.sat"
"735","8",31,28,"E10_46",2.75491023470359,"gr.sat"
"736","8",31,28,"F06_46",2.36625973914502,"gr.sat"
"737","8",31,34,"B05_61",3.99774967815225,"gr.sat"
"738","8",31,34,"D03_61",3.62947251189595,"gr.sat"
"739","8",31,34,"E10_61",3.54886161033178,"gr.sat"
"740","8",31,34,"F06_61",3.48145762595684,"gr.sat"
"741","8",31,40,"B05_76",1e-04,"gr.lagsat"
"742","8",31,40,"D03_76",1e-04,"gr.lagsat"
"743","8",31,40,"E10_76",-0.905212513016009,"gr"
"744","8",31,40,"F06_76",-0.711691336204638,"gr"
"745","9",32,10,"C03_6",0.416175699694495,"gr"
"746","9",32,10,"D05_6",0.411140533024578,"gr"
"747","9",32,10,"E08_6",0.380353399922833,"gr"
"748","9",32,10,"G03_6",0.330880843937668,"gr"
"749","9",32,16,"C03_21",1.06417523712701,"gr.sat"
"750","9",32,16,"D05_21",1.03225653969301,"gr.sat"
"751","9",32,16,"E08_21",1.02527711303139,"gr.sat"
"752","9",32,16,"G03_21",0.530742385337955,"gr"
"753","9",32,22,"C03_36",2.25264014266848,"gr.sat"
"754","9",32,22,"D05_36",2.09909294786025,"gr.sat"
"755","9",32,22,"E08_36",2.00989569590528,"gr.sat"
"756","9",32,22,"G03_36",1.72810863018615,"gr.sat"
"757","9",32,28,"C03_51",3.27039161534471,"gr.sat"
"758","9",32,28,"D05_51",1.84087306206611,"gr.sat"
"759","9",32,28,"E08_51",3.30061457548278,"gr.sat"
"760","9",32,28,"G03_51",2.13710982582692,"gr.sat"
"761","9",32,34,"C03_66",3.39876724453852,"gr.sat"
"762","9",32,34,"D05_66",3.81558114872808,"gr.sat"
"763","9",32,34,"E08_66",2.88218185257965,"gr.sat"
"764","9",32,34,"G03_66",3.18530177871538,"gr.sat"
"765","9",32,40,"C03_81",-1.20991197219828,"gr"
"766","9",32,40,"D05_81",-0.987882191439778,"gr"
"767","9",32,40,"E08_81",-0.832675891061839,"gr"
"768","9",32,40,"G03_81",-0.948091726863262,"gr"
"769","anc2",33,10,"B06_6",0.383089259199241,"gr"
"770","anc2",33,10,"C10_6",0.39571726807423,"gr"
"771","anc2",33,10,"E05_6",0.357479121097909,"gr"
"772","anc2",33,10,"F10_6",0.382961201391002,"gr"
"773","anc2",33,16,"B06_21",1.00939509650533,"gr.sat"
"774","anc2",33,16,"C10_21",1.07333045186765,"gr.sat"
"775","anc2",33,16,"E05_21",1.22573827202465,"gr.sat"
"776","anc2",33,16,"F10_21",1.05671722628834,"gr.sat"
"777","anc2",33,22,"B06_36",2.5748978437322,"gr.sat"
"778","anc2",33,22,"C10_36",1.63928403272856,"gr.sat"
"779","anc2",33,22,"E05_36",1.51307645816154,"gr.sat"
"780","anc2",33,22,"F10_36",1.73901383336648,"gr.sat"
"781","anc2",33,28,"B06_51",2.53038155167729,"gr.sat"
"782","anc2",33,28,"C10_51",2.49980391065505,"gr.sat"
"783","anc2",33,28,"E05_51",2.52379282360421,"gr.sat"
"784","anc2",33,28,"F10_51",2.28976140089974,"gr.sat"
"785","anc2",33,34,"B06_66",4.09850445984133,"gr.sat"
"786","anc2",33,34,"C10_66",3.56197872153747,"gr.sat"
"787","anc2",33,34,"E05_66",4.00796764052776,"gr.sat"
"788","anc2",33,34,"F10_66",3.46364518569815,"gr.sat"
"789","anc2",33,40,"B06_81",-0.675692523520479,"gr"
"790","anc2",33,40,"C10_81",-0.651282306235778,"gr"
"791","anc2",33,40,"E05_81",-0.585591672511774,"gr"
"792","anc2",33,40,"F10_81",-0.62190635867871,"gr"
"793","anc3",34,10,"B07_11",0.300178221328758,"gr"
"794","anc3",34,10,"C06_11",0.522763276976919,"gr.lag"
"795","anc3",34,10,"D07_11",0.378298127404043,"gr"
"796","anc3",34,10,"F05_11",0.441581315183673,"gr"
"797","anc3",34,16,"B07_26",1.29524295155257,"gr.sat"
"798","anc3",34,16,"C06_26",1.17246941343031,"gr.sat"
"799","anc3",34,16,"D07_26",0.609737958270736,"gr"
"800","anc3",34,16,"F05_26",0.520666786479762,"gr"
"801","anc3",34,22,"B07_41",1.59145041876218,"gr.sat"
"802","anc3",34,22,"C06_41",1.43597644183021,"gr.sat"
"803","anc3",34,22,"D07_41",1.41317067719845,"gr.sat"
"804","anc3",34,22,"F05_41",1.59493280296677,"gr.sat"
"805","anc3",34,28,"B07_56",2.90519380640864,"gr.sat"
"806","anc3",34,28,"C06_56",3.37281058380072,"gr.sat"
"807","anc3",34,28,"D07_56",2.25027276785133,"gr.sat"
"808","anc3",34,28,"F05_56",2.27753761895974,"gr.sat"
"809","anc3",34,34,"B07_71",4.02609360784361,"gr.sat"
"810","anc3",34,34,"C06_71",3.90307041752243,"gr.sat"
"811","anc3",34,34,"D07_71",2.70574615015557,"gr.sat"
"812","anc3",34,34,"F05_71",2.71074405197575,"gr.sat"
"813","anc3",34,40,"B07_86",-0.437851766986932,"gr"
"814","anc3",34,40,"C06_86",-0.510716956861766,"gr"
"815","anc3",34,40,"D07_86",-0.488777540514124,"gr"
"816","anc3",34,40,"F05_86",-0.429086721878777,"gr"
"817","anc4",35,10,"B11_11",0.360764336020734,"gr"
"818","anc4",35,10,"D04_11",0.414400107826372,"gr"
"819","anc4",35,10,"E02_11",0.42480394614438,"gr"
"820","anc4",35,10,"F06_11",0.371892114807694,"gr"
"821","anc4",35,16,"B11_26",1.13042204258163,"gr.sat"
"822","anc4",35,16,"D04_26",1.05091727264299,"gr.sat"
"823","anc4",35,16,"E02_26",1.00249719309274,"gr.sat"
"824","anc4",35,16,"F06_26",1.07745516396819,"gr.sat"
"825","anc4",35,22,"B11_41",0.950859606873394,"gr.sat"
"826","anc4",35,22,"D04_41",0.866985185447042,"gr.sat"
"827","anc4",35,22,"E02_41",0.973743817761199,"gr.sat"
"828","anc4",35,22,"F06_41",0.840322942022122,"gr.sat"
"829","anc4",35,28,"B11_56",2.78322695073276,"gr.sat"
"830","anc4",35,28,"D04_56",3.09088890755892,"gr.sat"
"831","anc4",35,28,"E02_56",1.71444099567176,"gr.sat"
"832","anc4",35,28,"F06_56",3.77477540674477,"gr.sat"
"833","anc4",35,34,"B11_71",3.338386078318,"gr.sat"
"834","anc4",35,34,"D04_71",2.80969965515215,"gr.sat"
"835","anc4",35,34,"E02_71",2.07135832520839,"gr.sat"
"836","anc4",35,34,"F06_71",2.81734741590869,"gr.sat"
"837","anc4",35,40,"B11_86",-0.88960747025477,"gr"
"838","anc4",35,40,"D04_86",1e-04,"gr.lagsat"
"839","anc4",35,40,"E02_86",-0.853558246941639,"gr"
"840","anc4",35,40,"F06_86",-0.943469716245672,"gr"
"841","anc5",36,10,"B08_1",0.218644446199204,"gr"
"842","anc5",36,10,"C11_1",0.274364384865782,"gr"
"843","anc5",36,10,"E07_1",0.210308858323215,"gr"
"844","anc5",36,10,"F05_1",0.191800012685682,"gr"
"845","anc5",36,16,"B08_16",1.06450189280042,"gr.sat"
"846","anc5",36,16,"C11_16",1.08227349954848,"gr.sat"
"847","anc5",36,16,"E07_16",1.01554444381436,"gr.sat"
"848","anc5",36,16,"F05_16",1.22362234707823,"gr.sat"
"849","anc5",36,22,"B08_31",1.63478332636374,"gr.sat"
"850","anc5",36,22,"C11_31",2.21966926569444,"gr.sat"
"851","anc5",36,22,"E07_31",1.68482233748776,"gr.sat"
"852","anc5",36,22,"F05_31",1.81991152109263,"gr.sat"
"853","anc5",36,28,"B08_46",3.17572805744691,"gr.sat"
"854","anc5",36,28,"C11_46",3.4853827163817,"gr.sat"
"855","anc5",36,28,"E07_46",2.65843229873003,"gr.sat"
"856","anc5",36,28,"F05_46",2.17666564374793,"gr.sat"
"857","anc5",36,34,"B08_61",3.73980199571946,"gr.sat"
"858","anc5",36,34,"C11_61",4.30755510821305,"gr.sat"
"859","anc5",36,34,"E07_61",3.86533204954479,"gr.sat"
"860","anc5",36,34,"F05_61",3.57104061295853,"gr.sat"
"861","anc5",36,40,"B08_76",-0.654328082278375,"gr"
"862","anc5",36,40,"C11_76",-0.566433634675326,"gr"
"863","anc5",36,40,"E07_76",-0.713679516541336,"gr"
"864","anc5",36,40,"F05_76",-0.610176598388471,"gr"
"865","cc1629",37,10,"B10_1",0.135581783770378,"gr"
"866","cc1629",37,10,"C08_1",0.0934195035919066,"gr"
"867","cc1629",37,10,"E04_1",0.123697260638467,"gr"
"868","cc1629",37,10,"F09_1",0.160904633408169,"gr"
"869","cc1629",37,16,"B10_16",0.563813808076018,"gr.sat"
"870","cc1629",37,16,"C08_16",0.592899463809749,"gr.sat"
"871","cc1629",37,16,"E04_16",0.612217498213721,"gr.sat"
"872","cc1629",37,16,"F09_16",0.640959217248573,"gr.sat"
"873","cc1629",37,22,"B10_31",2.1010937265268,"gr.lagsat"
"874","cc1629",37,22,"C08_31",1.2749099895273,"gr.sat"
"875","cc1629",37,22,"E04_31",1.37085686434731,"gr.sat"
"876","cc1629",37,22,"F09_31",1.42718793993546,"gr.sat"
"877","cc1629",37,28,"B10_46",2.54432908504824,"gr.sat"
"878","cc1629",37,28,"C08_46",2.29244482634242,"gr.sat"
"879","cc1629",37,28,"E04_46",2.09117009505316,"gr.sat"
"880","cc1629",37,28,"F09_46",-0.182544121426897,"gr"
"881","cc1629",37,34,"B10_61",-0.162983090535764,"gr"
"882","cc1629",37,34,"C08_61",3.24169407816217,"gr.sat"
"883","cc1629",37,34,"E04_61",2.23456438058567,"gr.sat"
"884","cc1629",37,34,"F09_61",2.43140827864038,"gr.sat"
"885","cc1629",37,40,"B10_76",-0.264993417041971,"gr"
"886","cc1629",37,40,"C08_76",-0.37422789831017,"gr"
"887","cc1629",37,40,"E04_76",-0.642958302420754,"gr"
"888","cc1629",37,40,"F09_76",-0.324971618207683,"gr"
"889","cc1690",38,10,"B04_11",0.456401243362955,"gr"
"890","cc1690",38,10,"C05_11",0.419852669436391,"gr"
"891","cc1690",38,10,"E05_11",0.524633027616131,"gr.lag"
"892","cc1690",38,10,"F07_11",0.487375501363343,"gr.lag"
"893","cc1690",38,16,"B04_26",0.615417959900234,"gr"
"894","cc1690",38,16,"C05_26",0.6073153180603,"gr"
"895","cc1690",38,16,"E05_26",0.571764364236465,"gr"
"896","cc1690",38,16,"F07_26",0.999855760503874,"gr.sat"
"897","cc1690",38,22,"B04_41",2.15944188453018,"gr.sat"
"898","cc1690",38,22,"C05_41",1.90690306271443,"gr.sat"
"899","cc1690",38,22,"E05_41",1.45235940565129,"gr.sat"
"900","cc1690",38,22,"F07_41",1.82727924620132,"gr.sat"
"901","cc1690",38,28,"B04_56",2.64392464100879,"gr.sat"
"902","cc1690",38,28,"C05_56",2.7369131305426,"gr.sat"
"903","cc1690",38,28,"E05_56",3.46838341446415,"gr.sat"
"904","cc1690",38,28,"F07_56",3.11222234776016,"gr.sat"
"905","cc1690",38,34,"B04_71",4.40889677706403,"gr.lagsat"
"906","cc1690",38,34,"C05_71",3.84512889657924,"gr.sat"
"907","cc1690",38,34,"E05_71",2.74237216318615,"gr.sat"
"908","cc1690",38,34,"F07_71",2.41382278350795,"gr.sat"
"909","cc1690",38,40,"B04_86",-0.576167437453744,"gr"
"910","cc1690",38,40,"C05_86",-0.577216614779685,"gr"
"911","cc1690",38,40,"E05_86",-0.895271016057461,"gr"
"912","cc1690",38,40,"F07_86",-0.666948241142986,"gr"
